"session_id","curr_block_ind","pt_trial_prediction"
"00hs52Bbsn97IZqlMWL5L34PAd",1,3
"00hs52Bbsn97IZqlMWL5L34PAd",2,3
"00hs52Bbsn97IZqlMWL5L34PAd",3,0
"00hs52Bbsn97IZqlMWL5L34PAd",99,3
"0cjm29GeNojiuYNsUasIBPXgw7",1,12
"0cjm29GeNojiuYNsUasIBPXgw7",2,5
"0cjm29GeNojiuYNsUasIBPXgw7",3,5
"0cjm29GeNojiuYNsUasIBPXgw7",99,3
"0cxe8fZLamHcc6kdd4QgXwISRo",1,2
"0cxe8fZLamHcc6kdd4QgXwISRo",2,2
"0cxe8fZLamHcc6kdd4QgXwISRo",3,3
"0cxe8fZLamHcc6kdd4QgXwISRo",99,3
"0rPBLR1xdsyOmMITDY2heezzJ9",1,5
"0rPBLR1xdsyOmMITDY2heezzJ9",2,4
"0rPBLR1xdsyOmMITDY2heezzJ9",3,3
"0rPBLR1xdsyOmMITDY2heezzJ9",99,3
"1eFmEaNYZk9nhIejZ5o551waDm",1,2
"1eFmEaNYZk9nhIejZ5o551waDm",2,5
"1eFmEaNYZk9nhIejZ5o551waDm",3,3
"1eFmEaNYZk9nhIejZ5o551waDm",99,10
"1qqyj3uwoGDwVUhFSx8uq9XZ2k",1,10
"1qqyj3uwoGDwVUhFSx8uq9XZ2k",2,0
"1qqyj3uwoGDwVUhFSx8uq9XZ2k",3,50
"1qqyj3uwoGDwVUhFSx8uq9XZ2k",99,75
"1ZpoTHwtV5ZupDMh0yOraaMYTG",1,3
"1ZpoTHwtV5ZupDMh0yOraaMYTG",2,2
"1ZpoTHwtV5ZupDMh0yOraaMYTG",3,3
"1ZpoTHwtV5ZupDMh0yOraaMYTG",99,12
"2bka8DkhxCpWogLHxC1m5mlG7F",1,78
"2bka8DkhxCpWogLHxC1m5mlG7F",2,89
"2bka8DkhxCpWogLHxC1m5mlG7F",3,23
"2bka8DkhxCpWogLHxC1m5mlG7F",99,56
"2DDDzsG8TZgsUGgonnc1gPVe8d",1,4
"2DDDzsG8TZgsUGgonnc1gPVe8d",2,3
"2DDDzsG8TZgsUGgonnc1gPVe8d",3,1
"2DDDzsG8TZgsUGgonnc1gPVe8d",99,3
"2fpXdYtjQfN3Qk8xQsh2fxhxut",1,4
"2fpXdYtjQfN3Qk8xQsh2fxhxut",2,3
"2fpXdYtjQfN3Qk8xQsh2fxhxut",3,3
"2fpXdYtjQfN3Qk8xQsh2fxhxut",99,3
"2HP5i426Yn85eYrxkfzNiY2Hnh",1,0
"2HP5i426Yn85eYrxkfzNiY2Hnh",2,5
"2HP5i426Yn85eYrxkfzNiY2Hnh",3,8
"2HP5i426Yn85eYrxkfzNiY2Hnh",99,20
"2HwS92RP48m9mZXkOp1Y8sSbyk",1,NA
"2HwS92RP48m9mZXkOp1Y8sSbyk",2,15
"2HwS92RP48m9mZXkOp1Y8sSbyk",3,2
"2HwS92RP48m9mZXkOp1Y8sSbyk",99,3
"2TBHnZOJUYj0MYZrQRly55DXIe",1,6
"2TBHnZOJUYj0MYZrQRly55DXIe",2,8
"2TBHnZOJUYj0MYZrQRly55DXIe",3,4
"2TBHnZOJUYj0MYZrQRly55DXIe",99,5
"3010VpETEkXFqjo39qrBStSWXM",1,1
"3010VpETEkXFqjo39qrBStSWXM",2,4
"3010VpETEkXFqjo39qrBStSWXM",3,3
"3010VpETEkXFqjo39qrBStSWXM",99,7
"38UmwceLQSVBDc9Bq9NbqvPOgS",1,1
"38UmwceLQSVBDc9Bq9NbqvPOgS",2,7
"38UmwceLQSVBDc9Bq9NbqvPOgS",3,4
"38UmwceLQSVBDc9Bq9NbqvPOgS",99,3
"3F8lO29v06BVBzSnXjtG1TFiFE",1,1
"3F8lO29v06BVBzSnXjtG1TFiFE",2,2
"3F8lO29v06BVBzSnXjtG1TFiFE",3,2
"3F8lO29v06BVBzSnXjtG1TFiFE",99,2
"3QLtxVOUyNYm5U3Keh4K9HgkQT",1,3
"3QLtxVOUyNYm5U3Keh4K9HgkQT",2,3
"3QLtxVOUyNYm5U3Keh4K9HgkQT",3,3
"3QLtxVOUyNYm5U3Keh4K9HgkQT",99,5
"3RiQtKgue68aiSeE0OqmSYWM5a",1,0
"3RiQtKgue68aiSeE0OqmSYWM5a",2,3
"3RiQtKgue68aiSeE0OqmSYWM5a",3,8
"3RiQtKgue68aiSeE0OqmSYWM5a",99,2
"3y3YlXMmKNewtENV4M3R0mpOWb",1,4
"3y3YlXMmKNewtENV4M3R0mpOWb",2,2
"3y3YlXMmKNewtENV4M3R0mpOWb",3,2
"3y3YlXMmKNewtENV4M3R0mpOWb",99,3
"44xwQio3fW3tYg3htRNjpHY5VQ",1,3
"44xwQio3fW3tYg3htRNjpHY5VQ",2,3
"44xwQio3fW3tYg3htRNjpHY5VQ",3,3
"44xwQio3fW3tYg3htRNjpHY5VQ",99,10
"4dJPVMak0QqVxygHG63Xpuqvwh",1,12
"4dJPVMak0QqVxygHG63Xpuqvwh",2,10
"4dJPVMak0QqVxygHG63Xpuqvwh",3,11
"4dJPVMak0QqVxygHG63Xpuqvwh",99,9
"4dlMkaMkKa009NZWAw1iqBcwPi",1,20
"4dlMkaMkKa009NZWAw1iqBcwPi",2,20
"4dlMkaMkKa009NZWAw1iqBcwPi",3,15
"4dlMkaMkKa009NZWAw1iqBcwPi",99,20
"4kpnY5p9uf9CO3TAELrXdgTcjT",1,NA
"4kpnY5p9uf9CO3TAELrXdgTcjT",2,3
"4kpnY5p9uf9CO3TAELrXdgTcjT",3,2
"4kpnY5p9uf9CO3TAELrXdgTcjT",99,2
"4MPd6YABvM5lFVEw0cKP2gmNYI",1,3
"4MPd6YABvM5lFVEw0cKP2gmNYI",2,4
"4MPd6YABvM5lFVEw0cKP2gmNYI",3,5
"4MPd6YABvM5lFVEw0cKP2gmNYI",99,8
"4OtEHqpMuSDZL9IlNUTQwhtVKj",1,4
"4OtEHqpMuSDZL9IlNUTQwhtVKj",2,3
"4OtEHqpMuSDZL9IlNUTQwhtVKj",3,3
"4OtEHqpMuSDZL9IlNUTQwhtVKj",99,2
"4UmCit6niI28XPbtLpI3Vkw4YO",1,5
"4UmCit6niI28XPbtLpI3Vkw4YO",2,5
"4UmCit6niI28XPbtLpI3Vkw4YO",3,2
"4UmCit6niI28XPbtLpI3Vkw4YO",99,5
"57IcI6y28NOa07Q3GpEGNjDwB4",1,60
"57IcI6y28NOa07Q3GpEGNjDwB4",2,85
"57IcI6y28NOa07Q3GpEGNjDwB4",3,98
"57IcI6y28NOa07Q3GpEGNjDwB4",99,99
"5DlqGrKs7jkhvtVXQsCWe7OUBI",1,2
"5DlqGrKs7jkhvtVXQsCWe7OUBI",2,2
"5DlqGrKs7jkhvtVXQsCWe7OUBI",3,3
"5DlqGrKs7jkhvtVXQsCWe7OUBI",99,5
"5J29DCMIV4x7zAmwpuwaABv72b",1,3
"5J29DCMIV4x7zAmwpuwaABv72b",2,3
"5J29DCMIV4x7zAmwpuwaABv72b",3,3
"5J29DCMIV4x7zAmwpuwaABv72b",99,10
"5NdnqT2ns0Ugv9RkJiZ4gcCIph",1,50
"5NdnqT2ns0Ugv9RkJiZ4gcCIph",2,50
"5NdnqT2ns0Ugv9RkJiZ4gcCIph",3,50
"5NdnqT2ns0Ugv9RkJiZ4gcCIph",99,50
"618ghlMX4KdZE4ZH8tDMB9Bcwg",1,3
"618ghlMX4KdZE4ZH8tDMB9Bcwg",2,3
"618ghlMX4KdZE4ZH8tDMB9Bcwg",3,2
"618ghlMX4KdZE4ZH8tDMB9Bcwg",99,0
"61aPQhPllt71zmD9DkTCWkqTNm",1,3
"61aPQhPllt71zmD9DkTCWkqTNm",2,5
"61aPQhPllt71zmD9DkTCWkqTNm",3,3
"61aPQhPllt71zmD9DkTCWkqTNm",99,2
"61lVwkrbPKX7s3Sky5R1eGbANB",1,2
"61lVwkrbPKX7s3Sky5R1eGbANB",2,2
"61lVwkrbPKX7s3Sky5R1eGbANB",3,1
"61lVwkrbPKX7s3Sky5R1eGbANB",99,6
"6kguGqJJX8ezeBt4ig5TTETX4N",1,8
"6kguGqJJX8ezeBt4ig5TTETX4N",2,4
"6kguGqJJX8ezeBt4ig5TTETX4N",3,3
"6kguGqJJX8ezeBt4ig5TTETX4N",99,2
"6mYjJ9gPbwGDGGWby4fPqaf9Uy",1,0
"6mYjJ9gPbwGDGGWby4fPqaf9Uy",2,65
"6mYjJ9gPbwGDGGWby4fPqaf9Uy",3,60
"6mYjJ9gPbwGDGGWby4fPqaf9Uy",99,80
"6OTxEtL64bnYRyv5nDGSwe9s6X",1,2
"6OTxEtL64bnYRyv5nDGSwe9s6X",2,4
"6OTxEtL64bnYRyv5nDGSwe9s6X",3,5
"6OTxEtL64bnYRyv5nDGSwe9s6X",99,4
"6TFX7HbJvA3irMt4fwqIPKbP6P",1,3
"6TFX7HbJvA3irMt4fwqIPKbP6P",2,3
"6TFX7HbJvA3irMt4fwqIPKbP6P",3,2
"6TFX7HbJvA3irMt4fwqIPKbP6P",99,1
"7Lo50E1KVghqWLVlE2E9UJwEs3",1,6
"7Lo50E1KVghqWLVlE2E9UJwEs3",2,9
"7Lo50E1KVghqWLVlE2E9UJwEs3",3,9
"7Lo50E1KVghqWLVlE2E9UJwEs3",99,5
"7N0tP9oR653Ra0zpisD8ZAJuWA",1,6
"7N0tP9oR653Ra0zpisD8ZAJuWA",2,4
"7N0tP9oR653Ra0zpisD8ZAJuWA",3,5
"7N0tP9oR653Ra0zpisD8ZAJuWA",99,50
"7nlmw3BdK1kwluT1CwmeYU4H3t",1,4
"7nlmw3BdK1kwluT1CwmeYU4H3t",2,2
"7nlmw3BdK1kwluT1CwmeYU4H3t",3,1
"7nlmw3BdK1kwluT1CwmeYU4H3t",99,1
"7OdpOI75WSmfxcrF23V3AvbwDY",1,5
"7OdpOI75WSmfxcrF23V3AvbwDY",2,3
"7OdpOI75WSmfxcrF23V3AvbwDY",3,2
"7OdpOI75WSmfxcrF23V3AvbwDY",99,1
"7wZCt1bKzoyNJbGaQvmQrC4fSO",1,4
"7wZCt1bKzoyNJbGaQvmQrC4fSO",2,1
"7wZCt1bKzoyNJbGaQvmQrC4fSO",3,2
"7wZCt1bKzoyNJbGaQvmQrC4fSO",99,3
"85NNhQePhWcSB5Ef9IFwrwGzvx",1,4
"85NNhQePhWcSB5Ef9IFwrwGzvx",2,3
"85NNhQePhWcSB5Ef9IFwrwGzvx",3,3
"85NNhQePhWcSB5Ef9IFwrwGzvx",99,2
"8M8VKFcBeQZ2iUhV3RNIMF1N8Q",1,10
"8M8VKFcBeQZ2iUhV3RNIMF1N8Q",2,8
"8M8VKFcBeQZ2iUhV3RNIMF1N8Q",3,5
"8M8VKFcBeQZ2iUhV3RNIMF1N8Q",99,3
"8O8iQgMPix5Q8zrbV1BgUkyYVl",1,0
"8O8iQgMPix5Q8zrbV1BgUkyYVl",2,1
"8O8iQgMPix5Q8zrbV1BgUkyYVl",3,2
"8O8iQgMPix5Q8zrbV1BgUkyYVl",99,5
"8qixQtHJtiBigJXgJ3DsAOYMPZ",1,5
"8qixQtHJtiBigJXgJ3DsAOYMPZ",2,2
"8qixQtHJtiBigJXgJ3DsAOYMPZ",3,1
"8qixQtHJtiBigJXgJ3DsAOYMPZ",99,4
"8Zam9ZRwmYBDh7uymhdQsveTtU",1,0
"8Zam9ZRwmYBDh7uymhdQsveTtU",2,45
"8Zam9ZRwmYBDh7uymhdQsveTtU",3,99
"8Zam9ZRwmYBDh7uymhdQsveTtU",99,99
"99XVi5rZJ7zIQOLGqp13z2foOX",1,2
"99XVi5rZJ7zIQOLGqp13z2foOX",2,4
"99XVi5rZJ7zIQOLGqp13z2foOX",3,2
"99XVi5rZJ7zIQOLGqp13z2foOX",99,3
"9BIZx07jE4Ef90AedDSlXVBssn",1,0
"9BIZx07jE4Ef90AedDSlXVBssn",2,0
"9BIZx07jE4Ef90AedDSlXVBssn",3,5
"9BIZx07jE4Ef90AedDSlXVBssn",99,50
"9MHMZiIjIFlOXQrL96jgtvLjNX",1,10
"9MHMZiIjIFlOXQrL96jgtvLjNX",2,12
"9MHMZiIjIFlOXQrL96jgtvLjNX",3,7
"9MHMZiIjIFlOXQrL96jgtvLjNX",99,3
"9Z23XVR1txqxlnkS4FrADXJJYX",1,0
"9Z23XVR1txqxlnkS4FrADXJJYX",2,1
"9Z23XVR1txqxlnkS4FrADXJJYX",3,1
"9Z23XVR1txqxlnkS4FrADXJJYX",99,5
"A0WuBnHZLp76C0fbYcoC3sEmWc",1,3
"A0WuBnHZLp76C0fbYcoC3sEmWc",2,4
"A0WuBnHZLp76C0fbYcoC3sEmWc",3,8
"A0WuBnHZLp76C0fbYcoC3sEmWc",99,4
"a19rHSdiFVGUooGIpt4JTlm8rU",1,5
"a19rHSdiFVGUooGIpt4JTlm8rU",2,10
"a19rHSdiFVGUooGIpt4JTlm8rU",3,5
"a19rHSdiFVGUooGIpt4JTlm8rU",99,8
"a4Q52JjaFUDKIfJLEVZIhEE7kN",1,5
"a4Q52JjaFUDKIfJLEVZIhEE7kN",2,3
"a4Q52JjaFUDKIfJLEVZIhEE7kN",3,2
"a4Q52JjaFUDKIfJLEVZIhEE7kN",99,25
"aCRZ9G2SjYdjhSdhv0EVWtu3zf",1,3
"aCRZ9G2SjYdjhSdhv0EVWtu3zf",2,0
"aCRZ9G2SjYdjhSdhv0EVWtu3zf",3,2
"aCRZ9G2SjYdjhSdhv0EVWtu3zf",99,1
"aD0IShYXczfagjfK4sx7mKMNTJ",1,2
"aD0IShYXczfagjfK4sx7mKMNTJ",2,4
"aD0IShYXczfagjfK4sx7mKMNTJ",3,5
"aD0IShYXczfagjfK4sx7mKMNTJ",99,3
"aHbDyZDqRQLR45i8PyzhnUVAjB",1,2
"aHbDyZDqRQLR45i8PyzhnUVAjB",2,1
"aHbDyZDqRQLR45i8PyzhnUVAjB",3,2
"aHbDyZDqRQLR45i8PyzhnUVAjB",99,3
"AhL3JJPmYLUWNDGh3AWGODXbd8",1,3
"AhL3JJPmYLUWNDGh3AWGODXbd8",2,5
"AhL3JJPmYLUWNDGh3AWGODXbd8",3,3
"AhL3JJPmYLUWNDGh3AWGODXbd8",99,4
"AUwBJrzZaVOulPZV1Qu2YC95SI",1,1
"AUwBJrzZaVOulPZV1Qu2YC95SI",2,1
"AUwBJrzZaVOulPZV1Qu2YC95SI",3,1
"AUwBJrzZaVOulPZV1Qu2YC95SI",99,1
"Avuf0vVgDRFqnXsipPN5gmMlsx",1,45
"Avuf0vVgDRFqnXsipPN5gmMlsx",2,10
"Avuf0vVgDRFqnXsipPN5gmMlsx",3,10
"Avuf0vVgDRFqnXsipPN5gmMlsx",99,50
"B0Ql7N8xcM4tYXiFxu1XuUpbgP",1,4
"B0Ql7N8xcM4tYXiFxu1XuUpbgP",2,1
"B0Ql7N8xcM4tYXiFxu1XuUpbgP",3,1
"B0Ql7N8xcM4tYXiFxu1XuUpbgP",99,4
"b9CoBZdE1dRpzYftOrE2yXFZxW",1,3
"b9CoBZdE1dRpzYftOrE2yXFZxW",2,3
"b9CoBZdE1dRpzYftOrE2yXFZxW",3,2
"b9CoBZdE1dRpzYftOrE2yXFZxW",99,12
"bArB5qhI33ayqzPdBGfvyVkjoA",1,2
"bArB5qhI33ayqzPdBGfvyVkjoA",2,2
"bArB5qhI33ayqzPdBGfvyVkjoA",3,3
"bArB5qhI33ayqzPdBGfvyVkjoA",99,5
"bdQFUzfoOeMyBEsjMxPAOHZnTY",1,3
"bdQFUzfoOeMyBEsjMxPAOHZnTY",2,2
"bdQFUzfoOeMyBEsjMxPAOHZnTY",3,3
"bdQFUzfoOeMyBEsjMxPAOHZnTY",99,12
"biu5BgZV2AePGJMpaEXIG7u0N3",1,3
"biu5BgZV2AePGJMpaEXIG7u0N3",2,2
"biu5BgZV2AePGJMpaEXIG7u0N3",3,2
"biu5BgZV2AePGJMpaEXIG7u0N3",99,2
"bmhjSWCElfJkv1iNryr7i8Hq2t",1,2
"bmhjSWCElfJkv1iNryr7i8Hq2t",2,9
"bmhjSWCElfJkv1iNryr7i8Hq2t",3,4
"bmhjSWCElfJkv1iNryr7i8Hq2t",99,5
"BsXe2qxOoxxCWSfGzsns5QCbpN",1,7
"BsXe2qxOoxxCWSfGzsns5QCbpN",2,3
"BsXe2qxOoxxCWSfGzsns5QCbpN",3,2
"BsXe2qxOoxxCWSfGzsns5QCbpN",99,0
"Btv6DW5t4hYjU2UmGI30tO0KK0",1,7
"Btv6DW5t4hYjU2UmGI30tO0KK0",2,5
"Btv6DW5t4hYjU2UmGI30tO0KK0",3,5
"Btv6DW5t4hYjU2UmGI30tO0KK0",99,3
"bvAaKjW3VkCWdyx5bV8NgXUxtz",1,2
"bvAaKjW3VkCWdyx5bV8NgXUxtz",2,1
"bvAaKjW3VkCWdyx5bV8NgXUxtz",3,3
"bvAaKjW3VkCWdyx5bV8NgXUxtz",99,10
"bwAULxMY0L3SOhm8qpne9PSsQm",1,2
"bwAULxMY0L3SOhm8qpne9PSsQm",2,1
"bwAULxMY0L3SOhm8qpne9PSsQm",3,3
"bwAULxMY0L3SOhm8qpne9PSsQm",99,2
"byZYddLoxLHuZXdw23fIIItShq",1,7
"byZYddLoxLHuZXdw23fIIItShq",2,6
"byZYddLoxLHuZXdw23fIIItShq",3,5
"byZYddLoxLHuZXdw23fIIItShq",99,12
"C6FdaOsLL8vp2sdEAFgmzZ0hf3",1,10
"C6FdaOsLL8vp2sdEAFgmzZ0hf3",2,0
"C6FdaOsLL8vp2sdEAFgmzZ0hf3",3,15
"C6FdaOsLL8vp2sdEAFgmzZ0hf3",99,10
"CC2biVSNgQFMIbtAYx6A2NqJAo",1,3
"CC2biVSNgQFMIbtAYx6A2NqJAo",2,3
"CC2biVSNgQFMIbtAYx6A2NqJAo",3,3
"CC2biVSNgQFMIbtAYx6A2NqJAo",99,5
"cecdLfxnB55fgLGIzDEOJiuPx8",1,4
"cecdLfxnB55fgLGIzDEOJiuPx8",2,2
"cecdLfxnB55fgLGIzDEOJiuPx8",3,3
"cecdLfxnB55fgLGIzDEOJiuPx8",99,4
"CftPJFR3yijEMNwpuvLEHE8vV1",1,15
"CftPJFR3yijEMNwpuvLEHE8vV1",2,18
"CftPJFR3yijEMNwpuvLEHE8vV1",3,20
"CftPJFR3yijEMNwpuvLEHE8vV1",99,25
"ck6V84uBWTQ0OT8tRmPeoiisPQ",1,5
"ck6V84uBWTQ0OT8tRmPeoiisPQ",2,2
"ck6V84uBWTQ0OT8tRmPeoiisPQ",3,1
"ck6V84uBWTQ0OT8tRmPeoiisPQ",99,1
"CQ8GEMQbP51TjUnltpTPAXpVGz",1,3
"CQ8GEMQbP51TjUnltpTPAXpVGz",2,2
"CQ8GEMQbP51TjUnltpTPAXpVGz",3,1
"CQ8GEMQbP51TjUnltpTPAXpVGz",99,7
"Cy6b2RS5kN1tUB5CqZa35PHJEE",1,3
"Cy6b2RS5kN1tUB5CqZa35PHJEE",2,1
"Cy6b2RS5kN1tUB5CqZa35PHJEE",3,10
"Cy6b2RS5kN1tUB5CqZa35PHJEE",99,8
"CZ6NQEOfRqsY44RJ2lktZVRGRA",1,56
"CZ6NQEOfRqsY44RJ2lktZVRGRA",2,2
"CZ6NQEOfRqsY44RJ2lktZVRGRA",3,2
"CZ6NQEOfRqsY44RJ2lktZVRGRA",99,2
"DCe2tkT5AzEOIPkCCBL1XSUl2o",1,2
"DCe2tkT5AzEOIPkCCBL1XSUl2o",2,1
"DCe2tkT5AzEOIPkCCBL1XSUl2o",3,1
"DCe2tkT5AzEOIPkCCBL1XSUl2o",99,10
"DebsBC0abituuuNqZbrWt3jR91",1,65
"DebsBC0abituuuNqZbrWt3jR91",2,70
"DebsBC0abituuuNqZbrWt3jR91",3,90
"DebsBC0abituuuNqZbrWt3jR91",99,80
"dIABU0Qj3GWpZlmiew95xrArZQ",1,2
"dIABU0Qj3GWpZlmiew95xrArZQ",2,1
"dIABU0Qj3GWpZlmiew95xrArZQ",3,2
"dIABU0Qj3GWpZlmiew95xrArZQ",99,2
"dWYbmDfgn4nM3dSjrMEjnw2han",1,3
"dWYbmDfgn4nM3dSjrMEjnw2han",2,3
"dWYbmDfgn4nM3dSjrMEjnw2han",3,3
"dWYbmDfgn4nM3dSjrMEjnw2han",99,2
"DxbwcaAoEajPvz0vJinSnrMizK",1,5
"DxbwcaAoEajPvz0vJinSnrMizK",2,6
"DxbwcaAoEajPvz0vJinSnrMizK",3,2
"DxbwcaAoEajPvz0vJinSnrMizK",99,4
"dYGsqbBUw2jxZFU5A1H7OG25F1",1,10
"dYGsqbBUw2jxZFU5A1H7OG25F1",2,10
"dYGsqbBUw2jxZFU5A1H7OG25F1",3,10
"dYGsqbBUw2jxZFU5A1H7OG25F1",99,10
"E3zMBre7EWQqIFWrLWlBW7xF35",1,70
"E3zMBre7EWQqIFWrLWlBW7xF35",2,75
"E3zMBre7EWQqIFWrLWlBW7xF35",3,65
"E3zMBre7EWQqIFWrLWlBW7xF35",99,70
"e8YNQAbf9k7kVtvwh9tUSCvbiv",1,2
"e8YNQAbf9k7kVtvwh9tUSCvbiv",2,3
"e8YNQAbf9k7kVtvwh9tUSCvbiv",3,2
"e8YNQAbf9k7kVtvwh9tUSCvbiv",99,5
"e93AKbQfQkjIawUmpnrHDyMCEn",1,7
"e93AKbQfQkjIawUmpnrHDyMCEn",2,4
"e93AKbQfQkjIawUmpnrHDyMCEn",3,3
"e93AKbQfQkjIawUmpnrHDyMCEn",99,3
"EbB54t6yMf8DcNMNjwNZwJqNdI",1,4
"EbB54t6yMf8DcNMNjwNZwJqNdI",2,3
"EbB54t6yMf8DcNMNjwNZwJqNdI",3,4
"EbB54t6yMf8DcNMNjwNZwJqNdI",99,2
"eCKfWPXWkRiVuq2kkuIbx1yRGu",1,2
"eCKfWPXWkRiVuq2kkuIbx1yRGu",2,1
"eCKfWPXWkRiVuq2kkuIbx1yRGu",3,1
"eCKfWPXWkRiVuq2kkuIbx1yRGu",99,3
"eFe95CeeQAgOoze8mvOzVQ4Hv6",1,4
"eFe95CeeQAgOoze8mvOzVQ4Hv6",2,4
"eFe95CeeQAgOoze8mvOzVQ4Hv6",3,4
"eFe95CeeQAgOoze8mvOzVQ4Hv6",99,4
"ej51TZSS31SzLdNOEOsvRfqW94",1,40
"ej51TZSS31SzLdNOEOsvRfqW94",2,50
"ej51TZSS31SzLdNOEOsvRfqW94",3,50
"ej51TZSS31SzLdNOEOsvRfqW94",99,75
"eSgq6CRJVI1Y4ZCp0Ez62rWAN8",1,3
"eSgq6CRJVI1Y4ZCp0Ez62rWAN8",2,3
"eSgq6CRJVI1Y4ZCp0Ez62rWAN8",3,3
"eSgq6CRJVI1Y4ZCp0Ez62rWAN8",99,2
"et9NSNEdDtSDAvZjDZxzECiVKm",1,5
"et9NSNEdDtSDAvZjDZxzECiVKm",2,4
"et9NSNEdDtSDAvZjDZxzECiVKm",3,1
"et9NSNEdDtSDAvZjDZxzECiVKm",99,1
"EUUs10sKsaeECCMRzsRGqdgb7i",1,2
"EUUs10sKsaeECCMRzsRGqdgb7i",2,2
"EUUs10sKsaeECCMRzsRGqdgb7i",3,1
"EUUs10sKsaeECCMRzsRGqdgb7i",99,2
"Ev2q5ZLI9arbNnB0IydGIw1Ms4",1,50
"Ev2q5ZLI9arbNnB0IydGIw1Ms4",2,50
"Ev2q5ZLI9arbNnB0IydGIw1Ms4",3,50
"Ev2q5ZLI9arbNnB0IydGIw1Ms4",99,50
"eWPg7KQoZBF9ZG0CtnIc7eBdcX",1,5
"eWPg7KQoZBF9ZG0CtnIc7eBdcX",2,3
"eWPg7KQoZBF9ZG0CtnIc7eBdcX",3,2
"eWPg7KQoZBF9ZG0CtnIc7eBdcX",99,2
"ExLZOIbzz6r2qubVx5fIZQIgY8",1,3
"ExLZOIbzz6r2qubVx5fIZQIgY8",2,3
"ExLZOIbzz6r2qubVx5fIZQIgY8",3,1
"ExLZOIbzz6r2qubVx5fIZQIgY8",99,0
"F1jX5a1fyhOmMSGGJ09OiO1Fjy",1,8
"F1jX5a1fyhOmMSGGJ09OiO1Fjy",2,7
"F1jX5a1fyhOmMSGGJ09OiO1Fjy",3,10
"F1jX5a1fyhOmMSGGJ09OiO1Fjy",99,5
"F5BWw9c9u6U75ADCXUbZ9yfZ8p",1,2
"F5BWw9c9u6U75ADCXUbZ9yfZ8p",2,2
"F5BWw9c9u6U75ADCXUbZ9yfZ8p",3,4
"F5BWw9c9u6U75ADCXUbZ9yfZ8p",99,3
"F8I2mQ6SzJ6hj57OHOlqFXHFtC",1,5
"F8I2mQ6SzJ6hj57OHOlqFXHFtC",2,3
"F8I2mQ6SzJ6hj57OHOlqFXHFtC",3,1
"F8I2mQ6SzJ6hj57OHOlqFXHFtC",99,3
"fdhE1rz3Dp82IqkvQoJzNgeKnK",1,NA
"fdhE1rz3Dp82IqkvQoJzNgeKnK",2,10
"fdhE1rz3Dp82IqkvQoJzNgeKnK",3,5
"fdhE1rz3Dp82IqkvQoJzNgeKnK",99,20
"fezpTC0SYAVdLOKQ78T8HKtdGu",1,5
"fezpTC0SYAVdLOKQ78T8HKtdGu",2,3
"fezpTC0SYAVdLOKQ78T8HKtdGu",3,3
"fezpTC0SYAVdLOKQ78T8HKtdGu",99,2
"FHhc3HyKK6VgbFpLzcyRG1fcyB",1,4
"FHhc3HyKK6VgbFpLzcyRG1fcyB",2,4
"FHhc3HyKK6VgbFpLzcyRG1fcyB",3,4
"FHhc3HyKK6VgbFpLzcyRG1fcyB",99,4
"fKyu5qyHKrGbQNZ5V22Ujidtu2",1,15
"fKyu5qyHKrGbQNZ5V22Ujidtu2",2,5
"fKyu5qyHKrGbQNZ5V22Ujidtu2",3,5
"fKyu5qyHKrGbQNZ5V22Ujidtu2",99,20
"FMBMeA5wVCrxkGLNXgg9KNOf4d",1,4
"FMBMeA5wVCrxkGLNXgg9KNOf4d",2,5
"FMBMeA5wVCrxkGLNXgg9KNOf4d",3,3
"FMBMeA5wVCrxkGLNXgg9KNOf4d",99,1
"FpCbuqX8JbcIFJ7fQFgZXCJjss",1,4
"FpCbuqX8JbcIFJ7fQFgZXCJjss",2,4
"FpCbuqX8JbcIFJ7fQFgZXCJjss",3,3
"FpCbuqX8JbcIFJ7fQFgZXCJjss",99,7
"fQmMgbOfbpK6PH8CaDh057lGp7",1,6
"fQmMgbOfbpK6PH8CaDh057lGp7",2,14
"fQmMgbOfbpK6PH8CaDh057lGp7",3,4
"fQmMgbOfbpK6PH8CaDh057lGp7",99,20
"FRfSS395qilOmE8PV7CzzzunT4",1,2
"FRfSS395qilOmE8PV7CzzzunT4",2,1
"FRfSS395qilOmE8PV7CzzzunT4",3,6
"FRfSS395qilOmE8PV7CzzzunT4",99,2
"FuMnwfdgQxu7LrKtZgvslbjX9q",1,4
"FuMnwfdgQxu7LrKtZgvslbjX9q",2,4
"FuMnwfdgQxu7LrKtZgvslbjX9q",3,2
"FuMnwfdgQxu7LrKtZgvslbjX9q",99,1
"furogonqYxMFxbo30pjpbZPrKT",1,5
"furogonqYxMFxbo30pjpbZPrKT",2,2
"furogonqYxMFxbo30pjpbZPrKT",3,3
"furogonqYxMFxbo30pjpbZPrKT",99,3
"FVXXyUR8N57I32gsI0a7uQIcQ7",1,2
"FVXXyUR8N57I32gsI0a7uQIcQ7",2,2
"FVXXyUR8N57I32gsI0a7uQIcQ7",3,1
"FVXXyUR8N57I32gsI0a7uQIcQ7",99,1
"Fx112IFb6PKeS3tZJYFjMRB641",1,50
"Fx112IFb6PKeS3tZJYFjMRB641",2,3
"Fx112IFb6PKeS3tZJYFjMRB641",3,6
"Fx112IFb6PKeS3tZJYFjMRB641",99,4
"G0APNAVl50xWcSR7tOqyClaPyf",1,2
"G0APNAVl50xWcSR7tOqyClaPyf",2,2
"G0APNAVl50xWcSR7tOqyClaPyf",3,2
"G0APNAVl50xWcSR7tOqyClaPyf",99,7
"G5ZBpCO4zXZko6cqwrVDNbgyix",1,10
"G5ZBpCO4zXZko6cqwrVDNbgyix",2,5
"G5ZBpCO4zXZko6cqwrVDNbgyix",3,0
"G5ZBpCO4zXZko6cqwrVDNbgyix",99,2
"gAE2vR87PHDrVwMvMSPhZ6AYWV",1,50
"gAE2vR87PHDrVwMvMSPhZ6AYWV",2,60
"gAE2vR87PHDrVwMvMSPhZ6AYWV",3,70
"gAE2vR87PHDrVwMvMSPhZ6AYWV",99,75
"gjpBcXhxKxRn0Eekog3T3kJvcQ",1,15
"gjpBcXhxKxRn0Eekog3T3kJvcQ",2,5
"gjpBcXhxKxRn0Eekog3T3kJvcQ",3,5
"gjpBcXhxKxRn0Eekog3T3kJvcQ",99,10
"gkDrWPrB3VWWEhzsFHU6dYzRW3",1,4
"gkDrWPrB3VWWEhzsFHU6dYzRW3",2,3
"gkDrWPrB3VWWEhzsFHU6dYzRW3",3,2
"gkDrWPrB3VWWEhzsFHU6dYzRW3",99,10
"GmnxFUpWp5TYtFUQihz17RlBnE",1,2
"GmnxFUpWp5TYtFUQihz17RlBnE",2,5
"GmnxFUpWp5TYtFUQihz17RlBnE",3,4
"GmnxFUpWp5TYtFUQihz17RlBnE",99,10
"GQsfZVeuxdSH1Esw4qD9r2PCVj",1,1
"GQsfZVeuxdSH1Esw4qD9r2PCVj",2,1
"GQsfZVeuxdSH1Esw4qD9r2PCVj",3,1
"GQsfZVeuxdSH1Esw4qD9r2PCVj",99,2
"Gs5GNIfI1EsQ3Ful5CBfylBy21",1,50
"Gs5GNIfI1EsQ3Ful5CBfylBy21",2,5
"Gs5GNIfI1EsQ3Ful5CBfylBy21",3,10
"Gs5GNIfI1EsQ3Ful5CBfylBy21",99,30
"gtPUi7sqEEoHOD7DLj5gzQtsgx",1,30
"gtPUi7sqEEoHOD7DLj5gzQtsgx",2,2
"gtPUi7sqEEoHOD7DLj5gzQtsgx",3,2
"gtPUi7sqEEoHOD7DLj5gzQtsgx",99,2
"GUfxRJ6wWRzlKg15RpISP7Hqgf",1,7
"GUfxRJ6wWRzlKg15RpISP7Hqgf",2,1
"GUfxRJ6wWRzlKg15RpISP7Hqgf",3,3
"GUfxRJ6wWRzlKg15RpISP7Hqgf",99,6
"GvoKVfUlikOBNGQs42JXAH52LS",1,50
"GvoKVfUlikOBNGQs42JXAH52LS",2,50
"GvoKVfUlikOBNGQs42JXAH52LS",3,50
"GvoKVfUlikOBNGQs42JXAH52LS",99,50
"h583RYORXtRkVOy067RJhA4Kz3",1,25
"h583RYORXtRkVOy067RJhA4Kz3",2,45
"h583RYORXtRkVOy067RJhA4Kz3",3,50
"h583RYORXtRkVOy067RJhA4Kz3",99,50
"h5ksrMHPeb25v21INaHw13aWWi",1,4
"h5ksrMHPeb25v21INaHw13aWWi",2,3
"h5ksrMHPeb25v21INaHw13aWWi",3,3
"h5ksrMHPeb25v21INaHw13aWWi",99,5
"h7IGMblze4pzx90AIOtKmypykJ",1,3
"h7IGMblze4pzx90AIOtKmypykJ",2,11
"h7IGMblze4pzx90AIOtKmypykJ",3,8
"h7IGMblze4pzx90AIOtKmypykJ",99,10
"haM8gzenfiOZvco8ocxKJo9hW8",1,1
"haM8gzenfiOZvco8ocxKJo9hW8",2,3
"haM8gzenfiOZvco8ocxKJo9hW8",3,2
"haM8gzenfiOZvco8ocxKJo9hW8",99,4
"HChd9Aq24EOQ2eU4y7ueo8kRdo",1,3
"HChd9Aq24EOQ2eU4y7ueo8kRdo",2,1
"HChd9Aq24EOQ2eU4y7ueo8kRdo",3,1
"HChd9Aq24EOQ2eU4y7ueo8kRdo",99,5
"HHhuEJ8SU5LmTkqrbBjgraaoYw",1,6
"HHhuEJ8SU5LmTkqrbBjgraaoYw",2,4
"HHhuEJ8SU5LmTkqrbBjgraaoYw",3,3
"HHhuEJ8SU5LmTkqrbBjgraaoYw",99,18
"hlLSGQ2Y8iKyUgNCJPslTdULz5",1,5
"hlLSGQ2Y8iKyUgNCJPslTdULz5",2,3
"hlLSGQ2Y8iKyUgNCJPslTdULz5",3,2
"hlLSGQ2Y8iKyUgNCJPslTdULz5",99,2
"HMorbafmvWgMbQra1aeUeCDZUt",1,2
"HMorbafmvWgMbQra1aeUeCDZUt",2,4
"HMorbafmvWgMbQra1aeUeCDZUt",3,5
"HMorbafmvWgMbQra1aeUeCDZUt",99,6
"HqbgUkO3OIjzL5eJ93pHNmiOro",1,4
"HqbgUkO3OIjzL5eJ93pHNmiOro",2,3
"HqbgUkO3OIjzL5eJ93pHNmiOro",3,5
"HqbgUkO3OIjzL5eJ93pHNmiOro",99,5
"HSoSwwbH35lqpoIXceM6dQWjth",1,1
"HSoSwwbH35lqpoIXceM6dQWjth",2,4
"HSoSwwbH35lqpoIXceM6dQWjth",3,4
"HSoSwwbH35lqpoIXceM6dQWjth",99,4
"huarkAdGUzInDTezY7mCxOMCMo",1,4
"huarkAdGUzInDTezY7mCxOMCMo",2,6
"huarkAdGUzInDTezY7mCxOMCMo",3,4
"huarkAdGUzInDTezY7mCxOMCMo",99,4
"HVEQm8sUE7YYdcl2kyLGvvpMIh",1,3
"HVEQm8sUE7YYdcl2kyLGvvpMIh",2,2
"HVEQm8sUE7YYdcl2kyLGvvpMIh",3,2
"HVEQm8sUE7YYdcl2kyLGvvpMIh",99,2
"HzkqNoBV9xN7djmp8KYHcQGVQT",1,1
"HzkqNoBV9xN7djmp8KYHcQGVQT",2,1
"HzkqNoBV9xN7djmp8KYHcQGVQT",3,2
"HzkqNoBV9xN7djmp8KYHcQGVQT",99,5
"i1wh1WRykFHZcHCz0zf0mvegZ5",1,45
"i1wh1WRykFHZcHCz0zf0mvegZ5",2,5
"i1wh1WRykFHZcHCz0zf0mvegZ5",3,3
"i1wh1WRykFHZcHCz0zf0mvegZ5",99,3
"i5UFDkXnaRVysYE6L1vvl2d9bc",1,15
"i5UFDkXnaRVysYE6L1vvl2d9bc",2,5
"i5UFDkXnaRVysYE6L1vvl2d9bc",3,6
"i5UFDkXnaRVysYE6L1vvl2d9bc",99,7
"I6b92yXgrhcb0WaJZq2JqLZK48",1,4
"I6b92yXgrhcb0WaJZq2JqLZK48",2,3
"I6b92yXgrhcb0WaJZq2JqLZK48",3,2
"I6b92yXgrhcb0WaJZq2JqLZK48",99,3
"iaPzG0A5rMoHOvJtyXEIWXHKDL",1,5
"iaPzG0A5rMoHOvJtyXEIWXHKDL",2,1
"iaPzG0A5rMoHOvJtyXEIWXHKDL",3,2
"iaPzG0A5rMoHOvJtyXEIWXHKDL",99,20
"iDMUcWLfoMtgpi68Uh0jNB8ws5",1,2
"iDMUcWLfoMtgpi68Uh0jNB8ws5",2,3
"iDMUcWLfoMtgpi68Uh0jNB8ws5",3,3
"iDMUcWLfoMtgpi68Uh0jNB8ws5",99,3
"IeeHxA8B20Qf7dqBptd23gQsws",1,2
"IeeHxA8B20Qf7dqBptd23gQsws",2,1
"IeeHxA8B20Qf7dqBptd23gQsws",3,3
"IeeHxA8B20Qf7dqBptd23gQsws",99,2
"iFamuIblll2y66SzBHELG8uYIr",1,1
"iFamuIblll2y66SzBHELG8uYIr",2,2
"iFamuIblll2y66SzBHELG8uYIr",3,8
"iFamuIblll2y66SzBHELG8uYIr",99,3
"InuVSSgb9zkRgNy4sBB990gX9a",1,0
"InuVSSgb9zkRgNy4sBB990gX9a",2,2
"InuVSSgb9zkRgNy4sBB990gX9a",3,1
"InuVSSgb9zkRgNy4sBB990gX9a",99,3
"iryqg2FDANfoL7xlBeKUYDqcKu",1,3
"iryqg2FDANfoL7xlBeKUYDqcKu",2,3
"iryqg2FDANfoL7xlBeKUYDqcKu",3,2
"iryqg2FDANfoL7xlBeKUYDqcKu",99,2
"ismtccbpw2J4d0HWHTJoHAvohW",1,0
"ismtccbpw2J4d0HWHTJoHAvohW",2,2
"ismtccbpw2J4d0HWHTJoHAvohW",3,3
"ismtccbpw2J4d0HWHTJoHAvohW",99,3
"Itq6YDWXogHpqw9eUguLicnSnw",1,6
"Itq6YDWXogHpqw9eUguLicnSnw",2,2
"Itq6YDWXogHpqw9eUguLicnSnw",3,1
"Itq6YDWXogHpqw9eUguLicnSnw",99,7
"iUoaclJ0iNGd3lrdVB4QpU2y5S",1,25
"iUoaclJ0iNGd3lrdVB4QpU2y5S",2,4
"iUoaclJ0iNGd3lrdVB4QpU2y5S",3,5
"iUoaclJ0iNGd3lrdVB4QpU2y5S",99,3
"iWZV2PU87ZA9ARDZfLyk1JbGhi",1,2
"iWZV2PU87ZA9ARDZfLyk1JbGhi",2,2
"iWZV2PU87ZA9ARDZfLyk1JbGhi",3,3
"iWZV2PU87ZA9ARDZfLyk1JbGhi",99,4
"J7ihM1rNvpFkv9kc6OmTQXHCLx",1,3
"J7ihM1rNvpFkv9kc6OmTQXHCLx",2,3
"J7ihM1rNvpFkv9kc6OmTQXHCLx",3,3
"J7ihM1rNvpFkv9kc6OmTQXHCLx",99,3
"jD9DLaZo1jwq1HQt3MjwiFBWPC",1,1
"jD9DLaZo1jwq1HQt3MjwiFBWPC",2,2
"jD9DLaZo1jwq1HQt3MjwiFBWPC",3,4
"jD9DLaZo1jwq1HQt3MjwiFBWPC",99,4
"JDv0NcqC4sKpJ9VeMSroAaH5b4",1,10
"JDv0NcqC4sKpJ9VeMSroAaH5b4",2,0
"JDv0NcqC4sKpJ9VeMSroAaH5b4",3,3
"JDv0NcqC4sKpJ9VeMSroAaH5b4",99,20
"jmx8Z9rk1FOmp3RvROlgD1FIX7",1,3
"jmx8Z9rk1FOmp3RvROlgD1FIX7",2,2
"jmx8Z9rk1FOmp3RvROlgD1FIX7",3,2
"jmx8Z9rk1FOmp3RvROlgD1FIX7",99,2
"JQFPu9m9NnDMDJQvNvR5DXXDc7",1,5
"JQFPu9m9NnDMDJQvNvR5DXXDc7",2,5
"JQFPu9m9NnDMDJQvNvR5DXXDc7",3,4
"JQFPu9m9NnDMDJQvNvR5DXXDc7",99,20
"JS32cIEpCOOr1OQH9ltSrnVqSc",1,10
"JS32cIEpCOOr1OQH9ltSrnVqSc",2,NA
"JS32cIEpCOOr1OQH9ltSrnVqSc",3,10
"JS32cIEpCOOr1OQH9ltSrnVqSc",99,10
"JSDE68T8aypcDZUKRyPMs9hgmo",1,1
"JSDE68T8aypcDZUKRyPMs9hgmo",2,2
"JSDE68T8aypcDZUKRyPMs9hgmo",3,4
"JSDE68T8aypcDZUKRyPMs9hgmo",99,20
"jvMdaQuG8bgE4aPL7ykmq9RjTE",1,90
"jvMdaQuG8bgE4aPL7ykmq9RjTE",2,3
"jvMdaQuG8bgE4aPL7ykmq9RjTE",3,5
"jvMdaQuG8bgE4aPL7ykmq9RjTE",99,25
"jZ910is7AuKoVUsHj6V4DNR3YW",1,2
"jZ910is7AuKoVUsHj6V4DNR3YW",2,1
"jZ910is7AuKoVUsHj6V4DNR3YW",3,2
"jZ910is7AuKoVUsHj6V4DNR3YW",99,4
"K2DYK1M7sDrx5DFRGqGNzfbkn0",1,5
"K2DYK1M7sDrx5DFRGqGNzfbkn0",2,4
"K2DYK1M7sDrx5DFRGqGNzfbkn0",3,2
"K2DYK1M7sDrx5DFRGqGNzfbkn0",99,0
"kf9NAQaqzk77HcPbq0DI2ga0AG",1,0
"kf9NAQaqzk77HcPbq0DI2ga0AG",2,1
"kf9NAQaqzk77HcPbq0DI2ga0AG",3,2
"kf9NAQaqzk77HcPbq0DI2ga0AG",99,1
"kjTfRJQho7ynOHWmgLuFGqcZAa",1,2
"kjTfRJQho7ynOHWmgLuFGqcZAa",2,3
"kjTfRJQho7ynOHWmgLuFGqcZAa",3,2
"kjTfRJQho7ynOHWmgLuFGqcZAa",99,10
"KUD1kf6hnb3NShner2z1iesdGV",1,10
"KUD1kf6hnb3NShner2z1iesdGV",2,5
"KUD1kf6hnb3NShner2z1iesdGV",3,1
"KUD1kf6hnb3NShner2z1iesdGV",99,12
"Kvx19sZrsxOKiBTw44hpejDRil",1,5
"Kvx19sZrsxOKiBTw44hpejDRil",2,15
"Kvx19sZrsxOKiBTw44hpejDRil",3,9
"Kvx19sZrsxOKiBTw44hpejDRil",99,50
"kYrqtLvACktr7uDAUd4x7Qg9X5",1,4
"kYrqtLvACktr7uDAUd4x7Qg9X5",2,4
"kYrqtLvACktr7uDAUd4x7Qg9X5",3,0
"kYrqtLvACktr7uDAUd4x7Qg9X5",99,1
"l4lokMvlJ9evH2m2pyxepzLhBw",1,5
"l4lokMvlJ9evH2m2pyxepzLhBw",2,5
"l4lokMvlJ9evH2m2pyxepzLhBw",3,3
"l4lokMvlJ9evH2m2pyxepzLhBw",99,6
"la8x8AdnYUHaEan01UUEsEl0S7",1,3
"la8x8AdnYUHaEan01UUEsEl0S7",2,2
"la8x8AdnYUHaEan01UUEsEl0S7",3,1
"la8x8AdnYUHaEan01UUEsEl0S7",99,1
"LExtiZRuw0jBrlcMOT60GIg8NN",1,1
"LExtiZRuw0jBrlcMOT60GIg8NN",2,0
"LExtiZRuw0jBrlcMOT60GIg8NN",3,1
"LExtiZRuw0jBrlcMOT60GIg8NN",99,15
"lh2RHmyy0ew9l0StewBU2C0Yvv",1,3
"lh2RHmyy0ew9l0StewBU2C0Yvv",2,2
"lh2RHmyy0ew9l0StewBU2C0Yvv",3,2
"lh2RHmyy0ew9l0StewBU2C0Yvv",99,3
"lHd1ET8nnPcQTorsMucW0DkJK4",1,15
"lHd1ET8nnPcQTorsMucW0DkJK4",2,5
"lHd1ET8nnPcQTorsMucW0DkJK4",3,6
"lHd1ET8nnPcQTorsMucW0DkJK4",99,40
"lIxJhCrnOIM2gzZFXlWPCbtQjH",1,0
"lIxJhCrnOIM2gzZFXlWPCbtQjH",2,5
"lIxJhCrnOIM2gzZFXlWPCbtQjH",3,1
"lIxJhCrnOIM2gzZFXlWPCbtQjH",99,15
"LJHPM8hzFRLxJl3YQL5MtiVRy3",1,3
"LJHPM8hzFRLxJl3YQL5MtiVRy3",2,2
"LJHPM8hzFRLxJl3YQL5MtiVRy3",3,2
"LJHPM8hzFRLxJl3YQL5MtiVRy3",99,2
"Lmyz8FFPhsaEehyjBz88gyqfGM",1,2
"Lmyz8FFPhsaEehyjBz88gyqfGM",2,2
"Lmyz8FFPhsaEehyjBz88gyqfGM",3,4
"Lmyz8FFPhsaEehyjBz88gyqfGM",99,14
"Lqah72i9UEryDGU1ciNFjT57F9",1,5
"Lqah72i9UEryDGU1ciNFjT57F9",2,4
"Lqah72i9UEryDGU1ciNFjT57F9",3,5
"Lqah72i9UEryDGU1ciNFjT57F9",99,5
"lQXvpDsk81UCBfymYedDgwuBk4",1,4
"lQXvpDsk81UCBfymYedDgwuBk4",2,5
"lQXvpDsk81UCBfymYedDgwuBk4",3,4
"lQXvpDsk81UCBfymYedDgwuBk4",99,20
"ltoSq8KHmp8mwGFWsxU8IWO6tD",1,3
"ltoSq8KHmp8mwGFWsxU8IWO6tD",2,3
"ltoSq8KHmp8mwGFWsxU8IWO6tD",3,4
"ltoSq8KHmp8mwGFWsxU8IWO6tD",99,8
"lTYUlbJy1cQafsVm9YcaiXA9XD",1,3
"lTYUlbJy1cQafsVm9YcaiXA9XD",2,3
"lTYUlbJy1cQafsVm9YcaiXA9XD",3,3
"lTYUlbJy1cQafsVm9YcaiXA9XD",99,7
"m0FTaOppbu6gL2cZo9VnnFHO7u",1,3
"m0FTaOppbu6gL2cZo9VnnFHO7u",2,3
"m0FTaOppbu6gL2cZo9VnnFHO7u",3,3
"m0FTaOppbu6gL2cZo9VnnFHO7u",99,8
"M3QkqwsGG89cfZHwg8LJX8Bq8F",1,6
"M3QkqwsGG89cfZHwg8LJX8Bq8F",2,7
"M3QkqwsGG89cfZHwg8LJX8Bq8F",3,2
"M3QkqwsGG89cfZHwg8LJX8Bq8F",99,2
"mAJ6Q8hXkk3N36SATgPIaTluPr",1,67
"mAJ6Q8hXkk3N36SATgPIaTluPr",2,56
"mAJ6Q8hXkk3N36SATgPIaTluPr",3,91
"mAJ6Q8hXkk3N36SATgPIaTluPr",99,56
"mbDcdlz9U4l55XGz8vMZHd9va3",1,99
"mbDcdlz9U4l55XGz8vMZHd9va3",2,3
"mbDcdlz9U4l55XGz8vMZHd9va3",3,2
"mbDcdlz9U4l55XGz8vMZHd9va3",99,2
"MEb7oXeDnmtQ0bC3VQKEpwBH12",1,5
"MEb7oXeDnmtQ0bC3VQKEpwBH12",2,5
"MEb7oXeDnmtQ0bC3VQKEpwBH12",3,3
"MEb7oXeDnmtQ0bC3VQKEpwBH12",99,0
"meiZiwHutrHevfamc4U1u2OBTM",1,5
"meiZiwHutrHevfamc4U1u2OBTM",2,3
"meiZiwHutrHevfamc4U1u2OBTM",3,5
"meiZiwHutrHevfamc4U1u2OBTM",99,1
"mh9O5GpdRZjMqgwGEmUhX3anXG",1,3
"mh9O5GpdRZjMqgwGEmUhX3anXG",2,2
"mh9O5GpdRZjMqgwGEmUhX3anXG",3,2
"mh9O5GpdRZjMqgwGEmUhX3anXG",99,5
"mhd9G7AKYkzOqfvmCO3sndg292",1,5
"mhd9G7AKYkzOqfvmCO3sndg292",2,3
"mhd9G7AKYkzOqfvmCO3sndg292",3,4
"mhd9G7AKYkzOqfvmCO3sndg292",99,3
"MHzEVEOUqQdyi9lBwTBhVZB0yz",1,50
"MHzEVEOUqQdyi9lBwTBhVZB0yz",2,50
"MHzEVEOUqQdyi9lBwTBhVZB0yz",3,50
"MHzEVEOUqQdyi9lBwTBhVZB0yz",99,50
"MKW2QXyD9Vaxzm83ty5tcL1dl7",1,NA
"MKW2QXyD9Vaxzm83ty5tcL1dl7",2,3
"MKW2QXyD9Vaxzm83ty5tcL1dl7",3,3
"MKW2QXyD9Vaxzm83ty5tcL1dl7",99,3
"mlurIW2qwwJJGZSC2yeDqFlPH2",1,3
"mlurIW2qwwJJGZSC2yeDqFlPH2",2,5
"mlurIW2qwwJJGZSC2yeDqFlPH2",3,5
"mlurIW2qwwJJGZSC2yeDqFlPH2",99,7
"MNyIE31KbTEqCZOUsiD7W0U3Fe",1,50
"MNyIE31KbTEqCZOUsiD7W0U3Fe",2,0
"MNyIE31KbTEqCZOUsiD7W0U3Fe",3,0
"MNyIE31KbTEqCZOUsiD7W0U3Fe",99,90
"MPEyNy8ucm7dhQqVMwAyedTOPT",1,4
"MPEyNy8ucm7dhQqVMwAyedTOPT",2,1
"MPEyNy8ucm7dhQqVMwAyedTOPT",3,1
"MPEyNy8ucm7dhQqVMwAyedTOPT",99,1
"Mt4ZKGtEdgGB8QwbSvGjtFfivE",1,5
"Mt4ZKGtEdgGB8QwbSvGjtFfivE",2,2
"Mt4ZKGtEdgGB8QwbSvGjtFfivE",3,3
"Mt4ZKGtEdgGB8QwbSvGjtFfivE",99,3
"Mw8OshkcRay9bkaPYocdIKTc6S",1,6
"Mw8OshkcRay9bkaPYocdIKTc6S",2,2
"Mw8OshkcRay9bkaPYocdIKTc6S",3,3
"Mw8OshkcRay9bkaPYocdIKTc6S",99,8
"Mx8vIXApijMaRfRVx5CwheNj7R",1,15
"Mx8vIXApijMaRfRVx5CwheNj7R",2,2
"Mx8vIXApijMaRfRVx5CwheNj7R",3,3
"Mx8vIXApijMaRfRVx5CwheNj7R",99,1
"MZD1woFNVuMp7ONLMtXW39RH56",1,4
"MZD1woFNVuMp7ONLMtXW39RH56",2,6
"MZD1woFNVuMp7ONLMtXW39RH56",3,3
"MZD1woFNVuMp7ONLMtXW39RH56",99,3
"mZQX9snXo5gqjk3wTgvozxcrZ9",1,4
"mZQX9snXo5gqjk3wTgvozxcrZ9",2,3
"mZQX9snXo5gqjk3wTgvozxcrZ9",3,3
"mZQX9snXo5gqjk3wTgvozxcrZ9",99,2
"N3054XDhNZGD0iS6opEp9XT1k5",1,1
"N3054XDhNZGD0iS6opEp9XT1k5",2,3
"N3054XDhNZGD0iS6opEp9XT1k5",3,3
"N3054XDhNZGD0iS6opEp9XT1k5",99,20
"N5lNa4Sc3baOKPmS2V3PK3Wbf2",1,99
"N5lNa4Sc3baOKPmS2V3PK3Wbf2",2,80
"N5lNa4Sc3baOKPmS2V3PK3Wbf2",3,50
"N5lNa4Sc3baOKPmS2V3PK3Wbf2",99,75
"n8PDqL1IFVXn1WZ6w0X41ZX163",1,45
"n8PDqL1IFVXn1WZ6w0X41ZX163",2,35
"n8PDqL1IFVXn1WZ6w0X41ZX163",3,4
"n8PDqL1IFVXn1WZ6w0X41ZX163",99,15
"NCKDXsjU7cHV4OrBkf6dv3smaO",1,1
"NCKDXsjU7cHV4OrBkf6dv3smaO",2,2
"NCKDXsjU7cHV4OrBkf6dv3smaO",3,2
"NCKDXsjU7cHV4OrBkf6dv3smaO",99,2
"NhLuEUpFKVLMXcgOH9FRZibbUN",1,30
"NhLuEUpFKVLMXcgOH9FRZibbUN",2,50
"NhLuEUpFKVLMXcgOH9FRZibbUN",3,30
"NhLuEUpFKVLMXcgOH9FRZibbUN",99,50
"Np9xBdnXrqDKe1Mr2PbhL3eUe4",1,2
"Np9xBdnXrqDKe1Mr2PbhL3eUe4",2,1
"Np9xBdnXrqDKe1Mr2PbhL3eUe4",3,2
"Np9xBdnXrqDKe1Mr2PbhL3eUe4",99,2
"nPHlI0wMezMlr4dlNlYp3MfY8E",1,2
"nPHlI0wMezMlr4dlNlYp3MfY8E",2,3
"nPHlI0wMezMlr4dlNlYp3MfY8E",3,2
"nPHlI0wMezMlr4dlNlYp3MfY8E",99,4
"NuVR9CWI1MxfKe1JaoNmuF66sU",1,3
"NuVR9CWI1MxfKe1JaoNmuF66sU",2,2
"NuVR9CWI1MxfKe1JaoNmuF66sU",3,2
"NuVR9CWI1MxfKe1JaoNmuF66sU",99,10
"nwrdVtIoCYnYZLpKf7hM0SzpTA",1,5
"nwrdVtIoCYnYZLpKf7hM0SzpTA",2,3
"nwrdVtIoCYnYZLpKf7hM0SzpTA",3,2
"nwrdVtIoCYnYZLpKf7hM0SzpTA",99,5
"NZN7BcYRtWqW3CM7xNuzZODHlk",1,15
"NZN7BcYRtWqW3CM7xNuzZODHlk",2,15
"NZN7BcYRtWqW3CM7xNuzZODHlk",3,10
"NZN7BcYRtWqW3CM7xNuzZODHlk",99,75
"o9cl9d8I9GR8WwsVdnJfEPnqyR",1,50
"o9cl9d8I9GR8WwsVdnJfEPnqyR",2,70
"o9cl9d8I9GR8WwsVdnJfEPnqyR",3,50
"o9cl9d8I9GR8WwsVdnJfEPnqyR",99,60
"oDIl4pCJ67Ls5WPm3SYKzacg0Y",1,1
"oDIl4pCJ67Ls5WPm3SYKzacg0Y",2,2
"oDIl4pCJ67Ls5WPm3SYKzacg0Y",3,3
"oDIl4pCJ67Ls5WPm3SYKzacg0Y",99,2
"oDPrb4oB7ChKhHdu1LOUMcjzfF",1,2
"oDPrb4oB7ChKhHdu1LOUMcjzfF",2,3
"oDPrb4oB7ChKhHdu1LOUMcjzfF",3,3
"oDPrb4oB7ChKhHdu1LOUMcjzfF",99,2
"oeHqGz00MABds0ueuvAhHv2B7f",1,1
"oeHqGz00MABds0ueuvAhHv2B7f",2,4
"oeHqGz00MABds0ueuvAhHv2B7f",3,4
"oeHqGz00MABds0ueuvAhHv2B7f",99,9
"OEv4oR3P7g9GxQ2pm2HWNBuv1V",1,7
"OEv4oR3P7g9GxQ2pm2HWNBuv1V",2,3
"OEv4oR3P7g9GxQ2pm2HWNBuv1V",3,3
"OEv4oR3P7g9GxQ2pm2HWNBuv1V",99,2
"OO4yb0INB3A6g0bjsbmN4Pk7cC",1,5
"OO4yb0INB3A6g0bjsbmN4Pk7cC",2,3
"OO4yb0INB3A6g0bjsbmN4Pk7cC",3,5
"OO4yb0INB3A6g0bjsbmN4Pk7cC",99,4
"OUyUsDaGiWONW7yYbyNCL9uGrH",1,NA
"OUyUsDaGiWONW7yYbyNCL9uGrH",2,7
"OUyUsDaGiWONW7yYbyNCL9uGrH",3,6
"OUyUsDaGiWONW7yYbyNCL9uGrH",99,4
"Ox2JDobTVCybEB6T15i8Cf82Z1",1,1
"Ox2JDobTVCybEB6T15i8Cf82Z1",2,0
"Ox2JDobTVCybEB6T15i8Cf82Z1",3,1
"Ox2JDobTVCybEB6T15i8Cf82Z1",99,NA
"oYAkY64ZPxVP8jZXPLzoWR1TIF",1,3
"oYAkY64ZPxVP8jZXPLzoWR1TIF",2,2
"oYAkY64ZPxVP8jZXPLzoWR1TIF",3,4
"oYAkY64ZPxVP8jZXPLzoWR1TIF",99,7
"oyxOR55cQDXeapBsc3fZaDDO3f",1,0
"oyxOR55cQDXeapBsc3fZaDDO3f",2,0
"oyxOR55cQDXeapBsc3fZaDDO3f",3,0
"oyxOR55cQDXeapBsc3fZaDDO3f",99,3
"p0OTM2UYxRVodD2GSjMf9yFcnz",1,0
"p0OTM2UYxRVodD2GSjMf9yFcnz",2,2
"p0OTM2UYxRVodD2GSjMf9yFcnz",3,3
"p0OTM2UYxRVodD2GSjMf9yFcnz",99,2
"p5bY6MRaajBlnoMdRAvyO5gMIh",1,5
"p5bY6MRaajBlnoMdRAvyO5gMIh",2,5
"p5bY6MRaajBlnoMdRAvyO5gMIh",3,3
"p5bY6MRaajBlnoMdRAvyO5gMIh",99,3
"PCJOjPEaFjLMSe7X9TUJRlYxCO",1,NA
"PCJOjPEaFjLMSe7X9TUJRlYxCO",2,2
"PCJOjPEaFjLMSe7X9TUJRlYxCO",3,5
"PCJOjPEaFjLMSe7X9TUJRlYxCO",99,5
"pdNlWr7CTQH6apW74umDCdw3QH",1,4
"pdNlWr7CTQH6apW74umDCdw3QH",2,2
"pdNlWr7CTQH6apW74umDCdw3QH",3,3
"pdNlWr7CTQH6apW74umDCdw3QH",99,8
"PiVOIcvagidsK5l1Jo32CvWCDk",1,32
"PiVOIcvagidsK5l1Jo32CvWCDk",2,79
"PiVOIcvagidsK5l1Jo32CvWCDk",3,1
"PiVOIcvagidsK5l1Jo32CvWCDk",99,1
"Pjfbz14qezNg7SgJcAChoj0uMd",1,NA
"Pjfbz14qezNg7SgJcAChoj0uMd",2,5
"Pjfbz14qezNg7SgJcAChoj0uMd",3,4
"Pjfbz14qezNg7SgJcAChoj0uMd",99,8
"PjZgwtk7GZgiG79vwuy7fWuFKt",1,3
"PjZgwtk7GZgiG79vwuy7fWuFKt",2,2
"PjZgwtk7GZgiG79vwuy7fWuFKt",3,3
"PjZgwtk7GZgiG79vwuy7fWuFKt",99,12
"PlgMY89khgIeydfISuQ9e32ygf",1,5
"PlgMY89khgIeydfISuQ9e32ygf",2,3
"PlgMY89khgIeydfISuQ9e32ygf",3,2
"PlgMY89khgIeydfISuQ9e32ygf",99,2
"Ppfoji9eEugOrhKYj94KMT0HGb",1,60
"Ppfoji9eEugOrhKYj94KMT0HGb",2,30
"Ppfoji9eEugOrhKYj94KMT0HGb",3,20
"Ppfoji9eEugOrhKYj94KMT0HGb",99,29
"pXLD8gCCp0YZ9CquUV1lQCIj5c",1,1
"pXLD8gCCp0YZ9CquUV1lQCIj5c",2,10
"pXLD8gCCp0YZ9CquUV1lQCIj5c",3,20
"pXLD8gCCp0YZ9CquUV1lQCIj5c",99,50
"py7jbxE4VPFG6MqqZSDhfuGTDs",1,1
"py7jbxE4VPFG6MqqZSDhfuGTDs",2,2
"py7jbxE4VPFG6MqqZSDhfuGTDs",3,1
"py7jbxE4VPFG6MqqZSDhfuGTDs",99,2
"Q4nO28lawb841N4D0hAPQTf6Ba",1,3
"Q4nO28lawb841N4D0hAPQTf6Ba",2,4
"Q4nO28lawb841N4D0hAPQTf6Ba",3,3
"Q4nO28lawb841N4D0hAPQTf6Ba",99,10
"q4nRVOcjo2BHXLaJItbKSgI6Cl",1,3
"q4nRVOcjo2BHXLaJItbKSgI6Cl",2,3
"q4nRVOcjo2BHXLaJItbKSgI6Cl",3,2
"q4nRVOcjo2BHXLaJItbKSgI6Cl",99,10
"QAcxnX5whLezD6eIXggzl4ullf",1,NA
"QAcxnX5whLezD6eIXggzl4ullf",2,4
"QAcxnX5whLezD6eIXggzl4ullf",3,5
"QAcxnX5whLezD6eIXggzl4ullf",99,5
"qcBkL39dkK3y5XYrguXEcIzrh7",1,1
"qcBkL39dkK3y5XYrguXEcIzrh7",2,1
"qcBkL39dkK3y5XYrguXEcIzrh7",3,2
"qcBkL39dkK3y5XYrguXEcIzrh7",99,3
"qCge55z6sePX7YlnEdaIz3NyoE",1,3
"qCge55z6sePX7YlnEdaIz3NyoE",2,5
"qCge55z6sePX7YlnEdaIz3NyoE",3,4
"qCge55z6sePX7YlnEdaIz3NyoE",99,12
"QOPl6S4Wp4Kh4I8SBSWdM2imJr",1,5
"QOPl6S4Wp4Kh4I8SBSWdM2imJr",2,2
"QOPl6S4Wp4Kh4I8SBSWdM2imJr",3,0
"QOPl6S4Wp4Kh4I8SBSWdM2imJr",99,1
"QPqW7bOyA0BMXbX6dVhHpChssW",1,5
"QPqW7bOyA0BMXbX6dVhHpChssW",2,5
"QPqW7bOyA0BMXbX6dVhHpChssW",3,5
"QPqW7bOyA0BMXbX6dVhHpChssW",99,3
"qPZ8cKBxRJsRwmNCZkROMXKQuj",1,66
"qPZ8cKBxRJsRwmNCZkROMXKQuj",2,99
"qPZ8cKBxRJsRwmNCZkROMXKQuj",3,66
"qPZ8cKBxRJsRwmNCZkROMXKQuj",99,45
"QriUwHaeUaMM3Ux3cw7VRWzQiC",1,5
"QriUwHaeUaMM3Ux3cw7VRWzQiC",2,1
"QriUwHaeUaMM3Ux3cw7VRWzQiC",3,0
"QriUwHaeUaMM3Ux3cw7VRWzQiC",99,0
"qu3d5yzMG3EfSLCJy1onPbuEaG",1,3
"qu3d5yzMG3EfSLCJy1onPbuEaG",2,3
"qu3d5yzMG3EfSLCJy1onPbuEaG",3,1
"qu3d5yzMG3EfSLCJy1onPbuEaG",99,2
"qy2ies2MnUrMAg3lka97bXkkxI",1,3
"qy2ies2MnUrMAg3lka97bXkkxI",2,2
"qy2ies2MnUrMAg3lka97bXkkxI",3,2
"qy2ies2MnUrMAg3lka97bXkkxI",99,10
"R2RMFEsKKLL476kGAbbD6e1XyX",1,2
"R2RMFEsKKLL476kGAbbD6e1XyX",2,2
"R2RMFEsKKLL476kGAbbD6e1XyX",3,3
"R2RMFEsKKLL476kGAbbD6e1XyX",99,4
"R4kdrJuLjAafZWmB7UsoFbNC01",1,3
"R4kdrJuLjAafZWmB7UsoFbNC01",2,1
"R4kdrJuLjAafZWmB7UsoFbNC01",3,2
"R4kdrJuLjAafZWmB7UsoFbNC01",99,3
"r7C8R3sk0wR7wUzqJ2MLF6r2oq",1,15
"r7C8R3sk0wR7wUzqJ2MLF6r2oq",2,16
"r7C8R3sk0wR7wUzqJ2MLF6r2oq",3,10
"r7C8R3sk0wR7wUzqJ2MLF6r2oq",99,52
"r9VjXvrFI8Ee1fainGDZlMSKoI",1,10
"r9VjXvrFI8Ee1fainGDZlMSKoI",2,7
"r9VjXvrFI8Ee1fainGDZlMSKoI",3,5
"r9VjXvrFI8Ee1fainGDZlMSKoI",99,3
"RaBGaTuaZSYB8YVa5fShsHGDYW",1,90
"RaBGaTuaZSYB8YVa5fShsHGDYW",2,80
"RaBGaTuaZSYB8YVa5fShsHGDYW",3,80
"RaBGaTuaZSYB8YVa5fShsHGDYW",99,88
"rDRcOADIKvymJ2TSyULLnxWo4D",1,4
"rDRcOADIKvymJ2TSyULLnxWo4D",2,3
"rDRcOADIKvymJ2TSyULLnxWo4D",3,4
"rDRcOADIKvymJ2TSyULLnxWo4D",99,3
"reZpVynuigwhNoOnsV29hulVoH",1,5
"reZpVynuigwhNoOnsV29hulVoH",2,7
"reZpVynuigwhNoOnsV29hulVoH",3,5
"reZpVynuigwhNoOnsV29hulVoH",99,7
"RfOzfLl5wItGscTg2HtbDw8R2B",1,4
"RfOzfLl5wItGscTg2HtbDw8R2B",2,3
"RfOzfLl5wItGscTg2HtbDw8R2B",3,2
"RfOzfLl5wItGscTg2HtbDw8R2B",99,1
"RG5rAKXpPZmVtoqMNOtz3ueiqJ",1,3
"RG5rAKXpPZmVtoqMNOtz3ueiqJ",2,2
"RG5rAKXpPZmVtoqMNOtz3ueiqJ",3,2
"RG5rAKXpPZmVtoqMNOtz3ueiqJ",99,2
"RgdRxRB2kjuKkSbE4qgx1kagbF",1,5
"RgdRxRB2kjuKkSbE4qgx1kagbF",2,5
"RgdRxRB2kjuKkSbE4qgx1kagbF",3,3
"RgdRxRB2kjuKkSbE4qgx1kagbF",99,4
"rIX6bOpHNLnQjsicOooJzSU90e",1,3
"rIX6bOpHNLnQjsicOooJzSU90e",2,2
"rIX6bOpHNLnQjsicOooJzSU90e",3,2
"rIX6bOpHNLnQjsicOooJzSU90e",99,2
"rLdicymNXp13NNqPLOsOh3gBX0",1,5
"rLdicymNXp13NNqPLOsOh3gBX0",2,4
"rLdicymNXp13NNqPLOsOh3gBX0",3,4
"rLdicymNXp13NNqPLOsOh3gBX0",99,2
"roE5s1646kIDOHR2ypn0gY8XIG",1,1
"roE5s1646kIDOHR2ypn0gY8XIG",2,13
"roE5s1646kIDOHR2ypn0gY8XIG",3,10
"roE5s1646kIDOHR2ypn0gY8XIG",99,5
"ruYM4WZXfhvhkRH3t46FBkuyM8",1,3
"ruYM4WZXfhvhkRH3t46FBkuyM8",2,2
"ruYM4WZXfhvhkRH3t46FBkuyM8",3,1
"ruYM4WZXfhvhkRH3t46FBkuyM8",99,6
"S8Uu9zPRp4c8uobuTzzQ1zDZm0",1,3
"S8Uu9zPRp4c8uobuTzzQ1zDZm0",2,5
"S8Uu9zPRp4c8uobuTzzQ1zDZm0",3,2
"S8Uu9zPRp4c8uobuTzzQ1zDZm0",99,6
"SaCxndCwwj1N4FnXUGloAFFobG",1,5
"SaCxndCwwj1N4FnXUGloAFFobG",2,10
"SaCxndCwwj1N4FnXUGloAFFobG",3,10
"SaCxndCwwj1N4FnXUGloAFFobG",99,50
"SaQlC9hE9OsuJq9ZSf2sTFXwUo",1,2
"SaQlC9hE9OsuJq9ZSf2sTFXwUo",2,2
"SaQlC9hE9OsuJq9ZSf2sTFXwUo",3,2
"SaQlC9hE9OsuJq9ZSf2sTFXwUo",99,1
"sbHdu8GGTMOpO46g343rinHq9e",1,10
"sbHdu8GGTMOpO46g343rinHq9e",2,16
"sbHdu8GGTMOpO46g343rinHq9e",3,8
"sbHdu8GGTMOpO46g343rinHq9e",99,40
"Scbpoqeq5cPbK4S6JgkDakbaJk",1,75
"Scbpoqeq5cPbK4S6JgkDakbaJk",2,2
"Scbpoqeq5cPbK4S6JgkDakbaJk",3,4
"Scbpoqeq5cPbK4S6JgkDakbaJk",99,10
"sdQEPzldON49ilXAXeFhkJlJE6",1,3
"sdQEPzldON49ilXAXeFhkJlJE6",2,3
"sdQEPzldON49ilXAXeFhkJlJE6",3,2
"sdQEPzldON49ilXAXeFhkJlJE6",99,2
"sfSsH6WXHt4x9DkL6MOfvTpgni",1,6
"sfSsH6WXHt4x9DkL6MOfvTpgni",2,5
"sfSsH6WXHt4x9DkL6MOfvTpgni",3,5
"sfSsH6WXHt4x9DkL6MOfvTpgni",99,20
"ShOqtka9hBXBcV86RDxKNKbUvv",1,2
"ShOqtka9hBXBcV86RDxKNKbUvv",2,2
"ShOqtka9hBXBcV86RDxKNKbUvv",3,2
"ShOqtka9hBXBcV86RDxKNKbUvv",99,1
"sIu88gQdGwPerVLw9BibV8l8i7",1,0
"sIu88gQdGwPerVLw9BibV8l8i7",2,3
"sIu88gQdGwPerVLw9BibV8l8i7",3,2
"sIu88gQdGwPerVLw9BibV8l8i7",99,1
"SiywIHKpJ7MvCbJPMOs3NoeC00",1,2
"SiywIHKpJ7MvCbJPMOs3NoeC00",2,3
"SiywIHKpJ7MvCbJPMOs3NoeC00",3,2
"SiywIHKpJ7MvCbJPMOs3NoeC00",99,3
"SNQN0oWm2x88AdxqqpFIYbYO2L",1,5
"SNQN0oWm2x88AdxqqpFIYbYO2L",2,4
"SNQN0oWm2x88AdxqqpFIYbYO2L",3,4
"SNQN0oWm2x88AdxqqpFIYbYO2L",99,4
"SRTAcfwtJtARTC1MnIfcNjltMt",1,75
"SRTAcfwtJtARTC1MnIfcNjltMt",2,87
"SRTAcfwtJtARTC1MnIfcNjltMt",3,99
"SRTAcfwtJtARTC1MnIfcNjltMt",99,70
"sSIEadqtaX5HymnnMh6yhcWxeC",1,3
"sSIEadqtaX5HymnnMh6yhcWxeC",2,6
"sSIEadqtaX5HymnnMh6yhcWxeC",3,4
"sSIEadqtaX5HymnnMh6yhcWxeC",99,3
"sTAZtqFJCtX8uoGNdvJTzcZ3qt",1,NA
"sTAZtqFJCtX8uoGNdvJTzcZ3qt",2,7
"sTAZtqFJCtX8uoGNdvJTzcZ3qt",3,4
"sTAZtqFJCtX8uoGNdvJTzcZ3qt",99,5
"sUou23DEUJXwNDNsaytBNjkfMQ",1,2
"sUou23DEUJXwNDNsaytBNjkfMQ",2,3
"sUou23DEUJXwNDNsaytBNjkfMQ",3,3
"sUou23DEUJXwNDNsaytBNjkfMQ",99,3
"t0snTGxLAVTu0Iyetynj7liF47",1,3
"t0snTGxLAVTu0Iyetynj7liF47",2,4
"t0snTGxLAVTu0Iyetynj7liF47",3,3
"t0snTGxLAVTu0Iyetynj7liF47",99,12
"ta2uwIm5tNBrAjeo5kjrWFX4rg",1,NA
"ta2uwIm5tNBrAjeo5kjrWFX4rg",2,4
"ta2uwIm5tNBrAjeo5kjrWFX4rg",3,4
"ta2uwIm5tNBrAjeo5kjrWFX4rg",99,NA
"tbCTQoAafrGj5o6gPjlOQQ6qwi",1,50
"tbCTQoAafrGj5o6gPjlOQQ6qwi",2,6
"tbCTQoAafrGj5o6gPjlOQQ6qwi",3,6
"tbCTQoAafrGj5o6gPjlOQQ6qwi",99,40
"Tjhn6jZbe9ifvP7bbFTUKvmR8d",1,NA
"Tjhn6jZbe9ifvP7bbFTUKvmR8d",2,4
"Tjhn6jZbe9ifvP7bbFTUKvmR8d",3,3
"Tjhn6jZbe9ifvP7bbFTUKvmR8d",99,3
"tJsXAKDRhLQnKWAYp3FKeFoail",1,6
"tJsXAKDRhLQnKWAYp3FKeFoail",2,6
"tJsXAKDRhLQnKWAYp3FKeFoail",3,2
"tJsXAKDRhLQnKWAYp3FKeFoail",99,2
"tLSjGm6Dqri4nsVHHnkVL8G3V4",1,2
"tLSjGm6Dqri4nsVHHnkVL8G3V4",2,2
"tLSjGm6Dqri4nsVHHnkVL8G3V4",3,2
"tLSjGm6Dqri4nsVHHnkVL8G3V4",99,5
"TmDcNAe6FRG5OYjfe8OcTpBEk5",1,1
"TmDcNAe6FRG5OYjfe8OcTpBEk5",2,1
"TmDcNAe6FRG5OYjfe8OcTpBEk5",3,1
"TmDcNAe6FRG5OYjfe8OcTpBEk5",99,8
"TO5bzVfQIW7SDw17EWfH8QqEic",1,3
"TO5bzVfQIW7SDw17EWfH8QqEic",2,3
"TO5bzVfQIW7SDw17EWfH8QqEic",3,3
"TO5bzVfQIW7SDw17EWfH8QqEic",99,4
"tQ5OKZAAc3cxuXpc6pc61fNUez",1,4
"tQ5OKZAAc3cxuXpc6pc61fNUez",2,0
"tQ5OKZAAc3cxuXpc6pc61fNUez",3,2
"tQ5OKZAAc3cxuXpc6pc61fNUez",99,2
"TviQt4VfPs1QlnzrqhsyqyXgQP",1,10
"TviQt4VfPs1QlnzrqhsyqyXgQP",2,10
"TviQt4VfPs1QlnzrqhsyqyXgQP",3,15
"TviQt4VfPs1QlnzrqhsyqyXgQP",99,15
"tVl9wKrTWCE8Y7ijKl9xEdIaND",1,0
"tVl9wKrTWCE8Y7ijKl9xEdIaND",2,65
"tVl9wKrTWCE8Y7ijKl9xEdIaND",3,75
"tVl9wKrTWCE8Y7ijKl9xEdIaND",99,60
"U0gBRBkPEKOehBXnEMR9OyAA2j",1,1
"U0gBRBkPEKOehBXnEMR9OyAA2j",2,0
"U0gBRBkPEKOehBXnEMR9OyAA2j",3,4
"U0gBRBkPEKOehBXnEMR9OyAA2j",99,1
"U5yrFmxOw8ms6eZYYeBtpvT2tJ",1,50
"U5yrFmxOw8ms6eZYYeBtpvT2tJ",2,50
"U5yrFmxOw8ms6eZYYeBtpvT2tJ",3,50
"U5yrFmxOw8ms6eZYYeBtpvT2tJ",99,50
"u6uUvf0K4xUZvAfm4FlVQ3lGvI",1,50
"u6uUvf0K4xUZvAfm4FlVQ3lGvI",2,10
"u6uUvf0K4xUZvAfm4FlVQ3lGvI",3,80
"u6uUvf0K4xUZvAfm4FlVQ3lGvI",99,99
"UJoa8NHGGaJ936bptUcgg5kUQt",1,0
"UJoa8NHGGaJ936bptUcgg5kUQt",2,0
"UJoa8NHGGaJ936bptUcgg5kUQt",3,1
"UJoa8NHGGaJ936bptUcgg5kUQt",99,3
"Um9J0TSGcWVOEuv6ugD6fIrGeD",1,3
"Um9J0TSGcWVOEuv6ugD6fIrGeD",2,5
"Um9J0TSGcWVOEuv6ugD6fIrGeD",3,1
"Um9J0TSGcWVOEuv6ugD6fIrGeD",99,3
"UnCi7gIOpFT3gxUev6Jg8QZMr2",1,NA
"UnCi7gIOpFT3gxUev6Jg8QZMr2",2,2
"UnCi7gIOpFT3gxUev6Jg8QZMr2",3,2
"UnCi7gIOpFT3gxUev6Jg8QZMr2",99,1
"Unu0wt7jHTNY17L6gp3Y8VzQqz",1,2
"Unu0wt7jHTNY17L6gp3Y8VzQqz",2,2
"Unu0wt7jHTNY17L6gp3Y8VzQqz",3,3
"Unu0wt7jHTNY17L6gp3Y8VzQqz",99,3
"uOTqwTNrjsyyKxPcRvnXPIgHy8",1,90
"uOTqwTNrjsyyKxPcRvnXPIgHy8",2,80
"uOTqwTNrjsyyKxPcRvnXPIgHy8",3,70
"uOTqwTNrjsyyKxPcRvnXPIgHy8",99,70
"UQZ1cXmVdirshwm8gYLliiC0oX",1,20
"UQZ1cXmVdirshwm8gYLliiC0oX",2,20
"UQZ1cXmVdirshwm8gYLliiC0oX",3,0
"UQZ1cXmVdirshwm8gYLliiC0oX",99,0
"v0xHEZJAnH2hBk7KYt5bJ1pphi",1,12
"v0xHEZJAnH2hBk7KYt5bJ1pphi",2,10
"v0xHEZJAnH2hBk7KYt5bJ1pphi",3,8
"v0xHEZJAnH2hBk7KYt5bJ1pphi",99,9
"VxK8FIuPsDFiH7t1BYdgI921aT",1,5
"VxK8FIuPsDFiH7t1BYdgI921aT",2,5
"VxK8FIuPsDFiH7t1BYdgI921aT",3,1
"VxK8FIuPsDFiH7t1BYdgI921aT",99,1
"VZbfC2MGhLPLp7r6FPuaUY5E8l",1,NA
"VZbfC2MGhLPLp7r6FPuaUY5E8l",2,5
"VZbfC2MGhLPLp7r6FPuaUY5E8l",3,7
"VZbfC2MGhLPLp7r6FPuaUY5E8l",99,4
"W59mVhF5kGd45pUCOIzlEBA0k6",1,2
"W59mVhF5kGd45pUCOIzlEBA0k6",2,4
"W59mVhF5kGd45pUCOIzlEBA0k6",3,3
"W59mVhF5kGd45pUCOIzlEBA0k6",99,3
"W6lW7tpcdPnwidSMJyh0KrZtZ9",1,6
"W6lW7tpcdPnwidSMJyh0KrZtZ9",2,1
"W6lW7tpcdPnwidSMJyh0KrZtZ9",3,1
"W6lW7tpcdPnwidSMJyh0KrZtZ9",99,1
"WcBcRLmg6ssxWYI6H0fLQ0gqDu",1,1
"WcBcRLmg6ssxWYI6H0fLQ0gqDu",2,5
"WcBcRLmg6ssxWYI6H0fLQ0gqDu",3,3
"WcBcRLmg6ssxWYI6H0fLQ0gqDu",99,7
"WCd7WuXM5laqFwhC1fq8CDJ3s1",1,10
"WCd7WuXM5laqFwhC1fq8CDJ3s1",2,1
"WCd7WuXM5laqFwhC1fq8CDJ3s1",3,3
"WCd7WuXM5laqFwhC1fq8CDJ3s1",99,3
"WcEJzYU0i1JS6CwcuEDO43YjmG",1,0
"WcEJzYU0i1JS6CwcuEDO43YjmG",2,3
"WcEJzYU0i1JS6CwcuEDO43YjmG",3,3
"WcEJzYU0i1JS6CwcuEDO43YjmG",99,16
"WeGLZHF6HqsirJ9JOpGPFfZv0Q",1,5
"WeGLZHF6HqsirJ9JOpGPFfZv0Q",2,3
"WeGLZHF6HqsirJ9JOpGPFfZv0Q",3,4
"WeGLZHF6HqsirJ9JOpGPFfZv0Q",99,5
"wgxtKbDhWVjtCDxLrkIFfBb763",1,4
"wgxtKbDhWVjtCDxLrkIFfBb763",2,4
"wgxtKbDhWVjtCDxLrkIFfBb763",3,4
"wgxtKbDhWVjtCDxLrkIFfBb763",99,37
"WHXNDeR81qN9QnztFhsE8rEyGB",1,4
"WHXNDeR81qN9QnztFhsE8rEyGB",2,3
"WHXNDeR81qN9QnztFhsE8rEyGB",3,3
"WHXNDeR81qN9QnztFhsE8rEyGB",99,2
"WiMJRTZtpieHRm3ClAWipoHr0C",1,79
"WiMJRTZtpieHRm3ClAWipoHr0C",2,79
"WiMJRTZtpieHRm3ClAWipoHr0C",3,80
"WiMJRTZtpieHRm3ClAWipoHr0C",99,90
"wNqrvowIJVMJc5Lp35cn2wXGCu",1,10
"wNqrvowIJVMJc5Lp35cn2wXGCu",2,10
"wNqrvowIJVMJc5Lp35cn2wXGCu",3,10
"wNqrvowIJVMJc5Lp35cn2wXGCu",99,9
"wOISDZ8vBL1ppIeW2045LrerkE",1,4
"wOISDZ8vBL1ppIeW2045LrerkE",2,5
"wOISDZ8vBL1ppIeW2045LrerkE",3,3
"wOISDZ8vBL1ppIeW2045LrerkE",99,3
"WoXID0e60IrzLgZLJTAzWgmSW6",1,2
"WoXID0e60IrzLgZLJTAzWgmSW6",2,2
"WoXID0e60IrzLgZLJTAzWgmSW6",3,3
"WoXID0e60IrzLgZLJTAzWgmSW6",99,5
"WSglRicKJJWdyrWzqLS3yN4nS4",1,4
"WSglRicKJJWdyrWzqLS3yN4nS4",2,4
"WSglRicKJJWdyrWzqLS3yN4nS4",3,3
"WSglRicKJJWdyrWzqLS3yN4nS4",99,4
"WYE85y7Cl289nu1gEwbIbZ7YI2",1,8
"WYE85y7Cl289nu1gEwbIbZ7YI2",2,4
"WYE85y7Cl289nu1gEwbIbZ7YI2",3,3
"WYE85y7Cl289nu1gEwbIbZ7YI2",99,20
"WytiXkcgqj0AfawQJ8D3Yqmxec",1,20
"WytiXkcgqj0AfawQJ8D3Yqmxec",2,50
"WytiXkcgqj0AfawQJ8D3Yqmxec",3,40
"WytiXkcgqj0AfawQJ8D3Yqmxec",99,66
"x3WAm8yKVI1RDeaRJ8DJwoiCCy",1,30
"x3WAm8yKVI1RDeaRJ8DJwoiCCy",2,40
"x3WAm8yKVI1RDeaRJ8DJwoiCCy",3,10
"x3WAm8yKVI1RDeaRJ8DJwoiCCy",99,10
"xCXPNt94JLd5Mc1gfUQpUR2A83",1,2
"xCXPNt94JLd5Mc1gfUQpUR2A83",2,6
"xCXPNt94JLd5Mc1gfUQpUR2A83",3,5
"xCXPNt94JLd5Mc1gfUQpUR2A83",99,5
"Xf81QLy2eIbZn8pf9DdS69Ig8l",1,15
"Xf81QLy2eIbZn8pf9DdS69Ig8l",2,4
"Xf81QLy2eIbZn8pf9DdS69Ig8l",3,3
"Xf81QLy2eIbZn8pf9DdS69Ig8l",99,3
"xLaOuTPyoXqlPa6U9Kn4BVDczY",1,2
"xLaOuTPyoXqlPa6U9Kn4BVDczY",2,3
"xLaOuTPyoXqlPa6U9Kn4BVDczY",3,5
"xLaOuTPyoXqlPa6U9Kn4BVDczY",99,5
"xs5M9JXx5a1mSn9a7En1uZJIid",1,4
"xs5M9JXx5a1mSn9a7En1uZJIid",2,5
"xs5M9JXx5a1mSn9a7En1uZJIid",3,6
"xs5M9JXx5a1mSn9a7En1uZJIid",99,20
"xVhyydM8P9iZpmdiFaAxiLdRsI",1,1
"xVhyydM8P9iZpmdiFaAxiLdRsI",2,1
"xVhyydM8P9iZpmdiFaAxiLdRsI",3,2
"xVhyydM8P9iZpmdiFaAxiLdRsI",99,4
"XxB5g3Uxb1etR3ZG5IFr46wIRR",1,8
"XxB5g3Uxb1etR3ZG5IFr46wIRR",2,9
"XxB5g3Uxb1etR3ZG5IFr46wIRR",3,4
"XxB5g3Uxb1etR3ZG5IFr46wIRR",99,22
"XyLJWymItQkYtW0DIEV6NehQSR",1,10
"XyLJWymItQkYtW0DIEV6NehQSR",2,4
"XyLJWymItQkYtW0DIEV6NehQSR",3,5
"XyLJWymItQkYtW0DIEV6NehQSR",99,14
"XYoAnrXUalcnsUsBaTB4h3CRRF",1,5
"XYoAnrXUalcnsUsBaTB4h3CRRF",2,7
"XYoAnrXUalcnsUsBaTB4h3CRRF",3,0
"XYoAnrXUalcnsUsBaTB4h3CRRF",99,0
"xZW1wy9omocnP9BGw5v4I2ogM8",1,5
"xZW1wy9omocnP9BGw5v4I2ogM8",2,4
"xZW1wy9omocnP9BGw5v4I2ogM8",3,4
"xZW1wy9omocnP9BGw5v4I2ogM8",99,20
"y7z0CQSEhOmmeRDBmZjkX2LJUL",1,NA
"y7z0CQSEhOmmeRDBmZjkX2LJUL",2,5
"y7z0CQSEhOmmeRDBmZjkX2LJUL",3,3
"y7z0CQSEhOmmeRDBmZjkX2LJUL",99,2
"Ya9lUjc8zt31nnNaItzdVLcUt7",1,4
"Ya9lUjc8zt31nnNaItzdVLcUt7",2,3
"Ya9lUjc8zt31nnNaItzdVLcUt7",3,4
"Ya9lUjc8zt31nnNaItzdVLcUt7",99,3
"yCPwlGWI4BP7JLwsKydxThMuMT",1,2
"yCPwlGWI4BP7JLwsKydxThMuMT",2,1
"yCPwlGWI4BP7JLwsKydxThMuMT",3,3
"yCPwlGWI4BP7JLwsKydxThMuMT",99,2
"yg5g1IBvs5IOAZbmuQBQtLaZ3K",1,10
"yg5g1IBvs5IOAZbmuQBQtLaZ3K",2,3
"yg5g1IBvs5IOAZbmuQBQtLaZ3K",3,3
"yg5g1IBvs5IOAZbmuQBQtLaZ3K",99,0
"yhbBBqX9q4W9kAUyP5lB5Hq8h8",1,0
"yhbBBqX9q4W9kAUyP5lB5Hq8h8",2,5
"yhbBBqX9q4W9kAUyP5lB5Hq8h8",3,5
"yhbBBqX9q4W9kAUyP5lB5Hq8h8",99,4
"YJ63tjptRqcgtWZK5dl5LsZEXS",1,5
"YJ63tjptRqcgtWZK5dl5LsZEXS",2,3
"YJ63tjptRqcgtWZK5dl5LsZEXS",3,2
"YJ63tjptRqcgtWZK5dl5LsZEXS",99,1
"YJK8dIrX6UyhA3Si9oOcCZjAOY",1,3
"YJK8dIrX6UyhA3Si9oOcCZjAOY",2,4
"YJK8dIrX6UyhA3Si9oOcCZjAOY",3,2
"YJK8dIrX6UyhA3Si9oOcCZjAOY",99,3
"yK3d2uVHiCWmjRTKP42Lg9Q6Lq",1,1
"yK3d2uVHiCWmjRTKP42Lg9Q6Lq",2,5
"yK3d2uVHiCWmjRTKP42Lg9Q6Lq",3,2
"yK3d2uVHiCWmjRTKP42Lg9Q6Lq",99,2
"yKVHL6FykiQV5rIMTKxVsBayji",1,5
"yKVHL6FykiQV5rIMTKxVsBayji",2,2
"yKVHL6FykiQV5rIMTKxVsBayji",3,3
"yKVHL6FykiQV5rIMTKxVsBayji",99,3
"YLWpAkMfPa7xqIKjpo8vwJX5fJ",1,60
"YLWpAkMfPa7xqIKjpo8vwJX5fJ",2,70
"YLWpAkMfPa7xqIKjpo8vwJX5fJ",3,90
"YLWpAkMfPa7xqIKjpo8vwJX5fJ",99,90
"ymgenUEBtOds3Drr2Ca6mdi0RU",1,4
"ymgenUEBtOds3Drr2Ca6mdi0RU",2,3
"ymgenUEBtOds3Drr2Ca6mdi0RU",3,4
"ymgenUEBtOds3Drr2Ca6mdi0RU",99,3
"Yrjye41coTNZrLhSpwCKRX0Xx9",1,7
"Yrjye41coTNZrLhSpwCKRX0Xx9",2,2
"Yrjye41coTNZrLhSpwCKRX0Xx9",3,7
"Yrjye41coTNZrLhSpwCKRX0Xx9",99,3
"Z74YBwECpL8QkLR6RuxT2rrff6",1,1
"Z74YBwECpL8QkLR6RuxT2rrff6",2,2
"Z74YBwECpL8QkLR6RuxT2rrff6",3,2
"Z74YBwECpL8QkLR6RuxT2rrff6",99,3
"zaJmtsUKRbBkynkKskR3L70lSS",1,1
"zaJmtsUKRbBkynkKskR3L70lSS",2,0
"zaJmtsUKRbBkynkKskR3L70lSS",3,2
"zaJmtsUKRbBkynkKskR3L70lSS",99,1
"Zbv79Ppl8ktS0BpCcLTk2TwY2k",1,2
"Zbv79Ppl8ktS0BpCcLTk2TwY2k",2,4
"Zbv79Ppl8ktS0BpCcLTk2TwY2k",3,3
"Zbv79Ppl8ktS0BpCcLTk2TwY2k",99,0
"Zh2Ilf3Dsonbts9pmqj0irRMJC",1,0
"Zh2Ilf3Dsonbts9pmqj0irRMJC",2,4
"Zh2Ilf3Dsonbts9pmqj0irRMJC",3,4
"Zh2Ilf3Dsonbts9pmqj0irRMJC",99,4
"ZoI06SIUMBnukzwqR7PgVTADEV",1,4
"ZoI06SIUMBnukzwqR7PgVTADEV",2,3
"ZoI06SIUMBnukzwqR7PgVTADEV",3,3
"ZoI06SIUMBnukzwqR7PgVTADEV",99,2
"ZT0jyke8Yvldqb506vgclgoazI",1,5
"ZT0jyke8Yvldqb506vgclgoazI",2,4
"ZT0jyke8Yvldqb506vgclgoazI",3,NA
"ZT0jyke8Yvldqb506vgclgoazI",99,NA
"ZVIQmQNUW8nQWhBmmK4AT5LAUl",1,3
"ZVIQmQNUW8nQWhBmmK4AT5LAUl",2,4
"ZVIQmQNUW8nQWhBmmK4AT5LAUl",3,3
"ZVIQmQNUW8nQWhBmmK4AT5LAUl",99,3
