"session_id","question","response","correct_answer","correct"
"Z74YBwECpL8QkLR6RuxT2rrff6",1,35,35,1
"Z74YBwECpL8QkLR6RuxT2rrff6",2,15,15,1
"Z74YBwECpL8QkLR6RuxT2rrff6",3,25,25,1
"Z74YBwECpL8QkLR6RuxT2rrff6",4,25,25,1
"Z74YBwECpL8QkLR6RuxT2rrff6",5,20,20,1
"Z74YBwECpL8QkLR6RuxT2rrff6",6,3,3,1
"Z74YBwECpL8QkLR6RuxT2rrff6",7,25,25,1
"Z74YBwECpL8QkLR6RuxT2rrff6",8,40,40,1
"Z74YBwECpL8QkLR6RuxT2rrff6",9,20,20,1
"Z74YBwECpL8QkLR6RuxT2rrff6",10,3,3,1
"Z74YBwECpL8QkLR6RuxT2rrff6",11,2,2,1
"Z74YBwECpL8QkLR6RuxT2rrff6",12,2,2,1
"Z74YBwECpL8QkLR6RuxT2rrff6",13,5,5,1
"NhLuEUpFKVLMXcgOH9FRZibbUN",1,30,35,0
"NhLuEUpFKVLMXcgOH9FRZibbUN",2,20,15,0
"NhLuEUpFKVLMXcgOH9FRZibbUN",3,30,25,0
"NhLuEUpFKVLMXcgOH9FRZibbUN",4,10,25,0
"NhLuEUpFKVLMXcgOH9FRZibbUN",5,10,20,0
"NhLuEUpFKVLMXcgOH9FRZibbUN",6,3,3,1
"NhLuEUpFKVLMXcgOH9FRZibbUN",7,30,25,0
"NhLuEUpFKVLMXcgOH9FRZibbUN",8,20,40,0
"NhLuEUpFKVLMXcgOH9FRZibbUN",9,40,20,0
"NhLuEUpFKVLMXcgOH9FRZibbUN",10,2,3,0
"NhLuEUpFKVLMXcgOH9FRZibbUN",11,2,2,1
"NhLuEUpFKVLMXcgOH9FRZibbUN",12,3,2,0
"NhLuEUpFKVLMXcgOH9FRZibbUN",13,50,5,0
"roE5s1646kIDOHR2ypn0gY8XIG",1,35,35,1
"roE5s1646kIDOHR2ypn0gY8XIG",2,15,15,1
"roE5s1646kIDOHR2ypn0gY8XIG",3,25,25,1
"roE5s1646kIDOHR2ypn0gY8XIG",4,50,25,0
"roE5s1646kIDOHR2ypn0gY8XIG",5,20,20,1
"roE5s1646kIDOHR2ypn0gY8XIG",6,2,3,0
"roE5s1646kIDOHR2ypn0gY8XIG",7,25,25,1
"roE5s1646kIDOHR2ypn0gY8XIG",8,40,40,1
"roE5s1646kIDOHR2ypn0gY8XIG",9,20,20,1
"roE5s1646kIDOHR2ypn0gY8XIG",10,2,3,0
"roE5s1646kIDOHR2ypn0gY8XIG",11,2,2,1
"roE5s1646kIDOHR2ypn0gY8XIG",12,1,2,0
"roE5s1646kIDOHR2ypn0gY8XIG",13,5,5,1
"tLSjGm6Dqri4nsVHHnkVL8G3V4",1,35,35,1
"tLSjGm6Dqri4nsVHHnkVL8G3V4",2,75,15,0
"tLSjGm6Dqri4nsVHHnkVL8G3V4",3,25,25,1
"tLSjGm6Dqri4nsVHHnkVL8G3V4",4,40,25,0
"tLSjGm6Dqri4nsVHHnkVL8G3V4",5,20,20,1
"tLSjGm6Dqri4nsVHHnkVL8G3V4",6,3,3,1
"tLSjGm6Dqri4nsVHHnkVL8G3V4",7,25,25,1
"tLSjGm6Dqri4nsVHHnkVL8G3V4",8,40,40,1
"tLSjGm6Dqri4nsVHHnkVL8G3V4",9,60,20,0
"tLSjGm6Dqri4nsVHHnkVL8G3V4",10,1,3,0
"tLSjGm6Dqri4nsVHHnkVL8G3V4",11,2,2,1
"tLSjGm6Dqri4nsVHHnkVL8G3V4",12,2,2,1
"tLSjGm6Dqri4nsVHHnkVL8G3V4",13,50,5,0
"W6lW7tpcdPnwidSMJyh0KrZtZ9",1,1,35,0
"W6lW7tpcdPnwidSMJyh0KrZtZ9",2,1,15,0
"W6lW7tpcdPnwidSMJyh0KrZtZ9",3,1,25,0
"W6lW7tpcdPnwidSMJyh0KrZtZ9",4,1,25,0
"W6lW7tpcdPnwidSMJyh0KrZtZ9",5,1,20,0
"W6lW7tpcdPnwidSMJyh0KrZtZ9",6,2,3,0
"W6lW7tpcdPnwidSMJyh0KrZtZ9",7,1,25,0
"W6lW7tpcdPnwidSMJyh0KrZtZ9",8,1,40,0
"W6lW7tpcdPnwidSMJyh0KrZtZ9",9,1,20,0
"W6lW7tpcdPnwidSMJyh0KrZtZ9",10,2,3,0
"W6lW7tpcdPnwidSMJyh0KrZtZ9",11,2,2,1
"W6lW7tpcdPnwidSMJyh0KrZtZ9",12,2,2,1
"W6lW7tpcdPnwidSMJyh0KrZtZ9",13,1,5,0
"Ox2JDobTVCybEB6T15i8Cf82Z1",1,35,35,1
"Ox2JDobTVCybEB6T15i8Cf82Z1",2,45,15,0
"Ox2JDobTVCybEB6T15i8Cf82Z1",3,10,25,0
"Ox2JDobTVCybEB6T15i8Cf82Z1",4,66,25,0
"Ox2JDobTVCybEB6T15i8Cf82Z1",5,55,20,0
"Ox2JDobTVCybEB6T15i8Cf82Z1",6,NA,3,NA
"Ox2JDobTVCybEB6T15i8Cf82Z1",7,NA,25,NA
"Ox2JDobTVCybEB6T15i8Cf82Z1",8,10,40,0
"Ox2JDobTVCybEB6T15i8Cf82Z1",9,44,20,0
"Ox2JDobTVCybEB6T15i8Cf82Z1",10,NA,3,NA
"Ox2JDobTVCybEB6T15i8Cf82Z1",11,NA,2,NA
"Ox2JDobTVCybEB6T15i8Cf82Z1",12,2,2,1
"Ox2JDobTVCybEB6T15i8Cf82Z1",13,13,5,0
"WiMJRTZtpieHRm3ClAWipoHr0C",1,35,35,1
"WiMJRTZtpieHRm3ClAWipoHr0C",2,15,15,1
"WiMJRTZtpieHRm3ClAWipoHr0C",3,100,25,0
"WiMJRTZtpieHRm3ClAWipoHr0C",4,25,25,1
"WiMJRTZtpieHRm3ClAWipoHr0C",5,20,20,1
"WiMJRTZtpieHRm3ClAWipoHr0C",6,2,3,0
"WiMJRTZtpieHRm3ClAWipoHr0C",7,25,25,1
"WiMJRTZtpieHRm3ClAWipoHr0C",8,40,40,1
"WiMJRTZtpieHRm3ClAWipoHr0C",9,60,20,0
"WiMJRTZtpieHRm3ClAWipoHr0C",10,3,3,1
"WiMJRTZtpieHRm3ClAWipoHr0C",11,3,2,0
"WiMJRTZtpieHRm3ClAWipoHr0C",12,1,2,0
"WiMJRTZtpieHRm3ClAWipoHr0C",13,5,5,1
"DebsBC0abituuuNqZbrWt3jR91",1,35,35,1
"DebsBC0abituuuNqZbrWt3jR91",2,40,15,0
"DebsBC0abituuuNqZbrWt3jR91",3,20,25,0
"DebsBC0abituuuNqZbrWt3jR91",4,50,25,0
"DebsBC0abituuuNqZbrWt3jR91",5,20,20,1
"DebsBC0abituuuNqZbrWt3jR91",6,2,3,0
"DebsBC0abituuuNqZbrWt3jR91",7,40,25,0
"DebsBC0abituuuNqZbrWt3jR91",8,40,40,1
"DebsBC0abituuuNqZbrWt3jR91",9,60,20,0
"DebsBC0abituuuNqZbrWt3jR91",10,2,3,0
"DebsBC0abituuuNqZbrWt3jR91",11,2,2,1
"DebsBC0abituuuNqZbrWt3jR91",12,1,2,0
"DebsBC0abituuuNqZbrWt3jR91",13,50,5,0
"pXLD8gCCp0YZ9CquUV1lQCIj5c",1,35,35,1
"pXLD8gCCp0YZ9CquUV1lQCIj5c",2,45,15,0
"pXLD8gCCp0YZ9CquUV1lQCIj5c",3,25,25,1
"pXLD8gCCp0YZ9CquUV1lQCIj5c",4,25,25,1
"pXLD8gCCp0YZ9CquUV1lQCIj5c",5,20,20,1
"pXLD8gCCp0YZ9CquUV1lQCIj5c",6,3,3,1
"pXLD8gCCp0YZ9CquUV1lQCIj5c",7,25,25,1
"pXLD8gCCp0YZ9CquUV1lQCIj5c",8,40,40,1
"pXLD8gCCp0YZ9CquUV1lQCIj5c",9,20,20,1
"pXLD8gCCp0YZ9CquUV1lQCIj5c",10,2,3,0
"pXLD8gCCp0YZ9CquUV1lQCIj5c",11,4,2,0
"pXLD8gCCp0YZ9CquUV1lQCIj5c",12,2,2,1
"pXLD8gCCp0YZ9CquUV1lQCIj5c",13,5,5,1
"rDRcOADIKvymJ2TSyULLnxWo4D",1,35,35,1
"rDRcOADIKvymJ2TSyULLnxWo4D",2,10,15,0
"rDRcOADIKvymJ2TSyULLnxWo4D",3,25,25,1
"rDRcOADIKvymJ2TSyULLnxWo4D",4,25,25,1
"rDRcOADIKvymJ2TSyULLnxWo4D",5,19,20,0
"rDRcOADIKvymJ2TSyULLnxWo4D",6,3,3,1
"rDRcOADIKvymJ2TSyULLnxWo4D",7,25,25,1
"rDRcOADIKvymJ2TSyULLnxWo4D",8,40,40,1
"rDRcOADIKvymJ2TSyULLnxWo4D",9,20,20,1
"rDRcOADIKvymJ2TSyULLnxWo4D",10,1,3,0
"rDRcOADIKvymJ2TSyULLnxWo4D",11,2,2,1
"rDRcOADIKvymJ2TSyULLnxWo4D",12,2,2,1
"rDRcOADIKvymJ2TSyULLnxWo4D",13,5,5,1
"q4nRVOcjo2BHXLaJItbKSgI6Cl",1,35,35,1
"q4nRVOcjo2BHXLaJItbKSgI6Cl",2,15,15,1
"q4nRVOcjo2BHXLaJItbKSgI6Cl",3,25,25,1
"q4nRVOcjo2BHXLaJItbKSgI6Cl",4,25,25,1
"q4nRVOcjo2BHXLaJItbKSgI6Cl",5,20,20,1
"q4nRVOcjo2BHXLaJItbKSgI6Cl",6,3,3,1
"q4nRVOcjo2BHXLaJItbKSgI6Cl",7,25,25,1
"q4nRVOcjo2BHXLaJItbKSgI6Cl",8,40,40,1
"q4nRVOcjo2BHXLaJItbKSgI6Cl",9,20,20,1
"q4nRVOcjo2BHXLaJItbKSgI6Cl",10,1,3,0
"q4nRVOcjo2BHXLaJItbKSgI6Cl",11,4,2,0
"q4nRVOcjo2BHXLaJItbKSgI6Cl",12,2,2,1
"q4nRVOcjo2BHXLaJItbKSgI6Cl",13,5,5,1
"Mx8vIXApijMaRfRVx5CwheNj7R",1,35,35,1
"Mx8vIXApijMaRfRVx5CwheNj7R",2,5,15,0
"Mx8vIXApijMaRfRVx5CwheNj7R",3,25,25,1
"Mx8vIXApijMaRfRVx5CwheNj7R",4,25,25,1
"Mx8vIXApijMaRfRVx5CwheNj7R",5,20,20,1
"Mx8vIXApijMaRfRVx5CwheNj7R",6,3,3,1
"Mx8vIXApijMaRfRVx5CwheNj7R",7,25,25,1
"Mx8vIXApijMaRfRVx5CwheNj7R",8,40,40,1
"Mx8vIXApijMaRfRVx5CwheNj7R",9,60,20,0
"Mx8vIXApijMaRfRVx5CwheNj7R",10,3,3,1
"Mx8vIXApijMaRfRVx5CwheNj7R",11,2,2,1
"Mx8vIXApijMaRfRVx5CwheNj7R",12,3,2,0
"Mx8vIXApijMaRfRVx5CwheNj7R",13,5,5,1
"Scbpoqeq5cPbK4S6JgkDakbaJk",1,35,35,1
"Scbpoqeq5cPbK4S6JgkDakbaJk",2,15,15,1
"Scbpoqeq5cPbK4S6JgkDakbaJk",3,25,25,1
"Scbpoqeq5cPbK4S6JgkDakbaJk",4,25,25,1
"Scbpoqeq5cPbK4S6JgkDakbaJk",5,23,20,0
"Scbpoqeq5cPbK4S6JgkDakbaJk",6,3,3,1
"Scbpoqeq5cPbK4S6JgkDakbaJk",7,25,25,1
"Scbpoqeq5cPbK4S6JgkDakbaJk",8,40,40,1
"Scbpoqeq5cPbK4S6JgkDakbaJk",9,20,20,1
"Scbpoqeq5cPbK4S6JgkDakbaJk",10,3,3,1
"Scbpoqeq5cPbK4S6JgkDakbaJk",11,4,2,0
"Scbpoqeq5cPbK4S6JgkDakbaJk",12,2,2,1
"Scbpoqeq5cPbK4S6JgkDakbaJk",13,50,5,0
"eFe95CeeQAgOoze8mvOzVQ4Hv6",1,35,35,1
"eFe95CeeQAgOoze8mvOzVQ4Hv6",2,15,15,1
"eFe95CeeQAgOoze8mvOzVQ4Hv6",3,25,25,1
"eFe95CeeQAgOoze8mvOzVQ4Hv6",4,25,25,1
"eFe95CeeQAgOoze8mvOzVQ4Hv6",5,20,20,1
"eFe95CeeQAgOoze8mvOzVQ4Hv6",6,3,3,1
"eFe95CeeQAgOoze8mvOzVQ4Hv6",7,25,25,1
"eFe95CeeQAgOoze8mvOzVQ4Hv6",8,40,40,1
"eFe95CeeQAgOoze8mvOzVQ4Hv6",9,60,20,0
"eFe95CeeQAgOoze8mvOzVQ4Hv6",10,3,3,1
"eFe95CeeQAgOoze8mvOzVQ4Hv6",11,4,2,0
"eFe95CeeQAgOoze8mvOzVQ4Hv6",12,2,2,1
"eFe95CeeQAgOoze8mvOzVQ4Hv6",13,5,5,1
"bArB5qhI33ayqzPdBGfvyVkjoA",1,35,35,1
"bArB5qhI33ayqzPdBGfvyVkjoA",2,10,15,0
"bArB5qhI33ayqzPdBGfvyVkjoA",3,25,25,1
"bArB5qhI33ayqzPdBGfvyVkjoA",4,25,25,1
"bArB5qhI33ayqzPdBGfvyVkjoA",5,20,20,1
"bArB5qhI33ayqzPdBGfvyVkjoA",6,3,3,1
"bArB5qhI33ayqzPdBGfvyVkjoA",7,25,25,1
"bArB5qhI33ayqzPdBGfvyVkjoA",8,40,40,1
"bArB5qhI33ayqzPdBGfvyVkjoA",9,20,20,1
"bArB5qhI33ayqzPdBGfvyVkjoA",10,2,3,0
"bArB5qhI33ayqzPdBGfvyVkjoA",11,2,2,1
"bArB5qhI33ayqzPdBGfvyVkjoA",12,2,2,1
"bArB5qhI33ayqzPdBGfvyVkjoA",13,50,5,0
"MEb7oXeDnmtQ0bC3VQKEpwBH12",1,35,35,1
"MEb7oXeDnmtQ0bC3VQKEpwBH12",2,15,15,1
"MEb7oXeDnmtQ0bC3VQKEpwBH12",3,25,25,1
"MEb7oXeDnmtQ0bC3VQKEpwBH12",4,25,25,1
"MEb7oXeDnmtQ0bC3VQKEpwBH12",5,20,20,1
"MEb7oXeDnmtQ0bC3VQKEpwBH12",6,2,3,0
"MEb7oXeDnmtQ0bC3VQKEpwBH12",7,25,25,1
"MEb7oXeDnmtQ0bC3VQKEpwBH12",8,40,40,1
"MEb7oXeDnmtQ0bC3VQKEpwBH12",9,20,20,1
"MEb7oXeDnmtQ0bC3VQKEpwBH12",10,2,3,0
"MEb7oXeDnmtQ0bC3VQKEpwBH12",11,2,2,1
"MEb7oXeDnmtQ0bC3VQKEpwBH12",12,2,2,1
"MEb7oXeDnmtQ0bC3VQKEpwBH12",13,5,5,1
"e93AKbQfQkjIawUmpnrHDyMCEn",1,35,35,1
"e93AKbQfQkjIawUmpnrHDyMCEn",2,15,15,1
"e93AKbQfQkjIawUmpnrHDyMCEn",3,50,25,0
"e93AKbQfQkjIawUmpnrHDyMCEn",4,50,25,0
"e93AKbQfQkjIawUmpnrHDyMCEn",5,20,20,1
"e93AKbQfQkjIawUmpnrHDyMCEn",6,2,3,0
"e93AKbQfQkjIawUmpnrHDyMCEn",7,25,25,1
"e93AKbQfQkjIawUmpnrHDyMCEn",8,400,40,0
"e93AKbQfQkjIawUmpnrHDyMCEn",9,200,20,0
"e93AKbQfQkjIawUmpnrHDyMCEn",10,3,3,1
"e93AKbQfQkjIawUmpnrHDyMCEn",11,2,2,1
"e93AKbQfQkjIawUmpnrHDyMCEn",12,1,2,0
"e93AKbQfQkjIawUmpnrHDyMCEn",13,5,5,1
"jD9DLaZo1jwq1HQt3MjwiFBWPC",1,35,35,1
"jD9DLaZo1jwq1HQt3MjwiFBWPC",2,10,15,0
"jD9DLaZo1jwq1HQt3MjwiFBWPC",3,25,25,1
"jD9DLaZo1jwq1HQt3MjwiFBWPC",4,25,25,1
"jD9DLaZo1jwq1HQt3MjwiFBWPC",5,20,20,1
"jD9DLaZo1jwq1HQt3MjwiFBWPC",6,3,3,1
"jD9DLaZo1jwq1HQt3MjwiFBWPC",7,25,25,1
"jD9DLaZo1jwq1HQt3MjwiFBWPC",8,40,40,1
"jD9DLaZo1jwq1HQt3MjwiFBWPC",9,20,20,1
"jD9DLaZo1jwq1HQt3MjwiFBWPC",10,1,3,0
"jD9DLaZo1jwq1HQt3MjwiFBWPC",11,2,2,1
"jD9DLaZo1jwq1HQt3MjwiFBWPC",12,2,2,1
"jD9DLaZo1jwq1HQt3MjwiFBWPC",13,5,5,1
"ta2uwIm5tNBrAjeo5kjrWFX4rg",1,35,35,1
"ta2uwIm5tNBrAjeo5kjrWFX4rg",2,15,15,1
"ta2uwIm5tNBrAjeo5kjrWFX4rg",3,25,25,1
"ta2uwIm5tNBrAjeo5kjrWFX4rg",4,25,25,1
"ta2uwIm5tNBrAjeo5kjrWFX4rg",5,20,20,1
"ta2uwIm5tNBrAjeo5kjrWFX4rg",6,3,3,1
"ta2uwIm5tNBrAjeo5kjrWFX4rg",7,25,25,1
"ta2uwIm5tNBrAjeo5kjrWFX4rg",8,40,40,1
"ta2uwIm5tNBrAjeo5kjrWFX4rg",9,20,20,1
"ta2uwIm5tNBrAjeo5kjrWFX4rg",10,3,3,1
"ta2uwIm5tNBrAjeo5kjrWFX4rg",11,3,2,0
"ta2uwIm5tNBrAjeo5kjrWFX4rg",12,NA,2,NA
"ta2uwIm5tNBrAjeo5kjrWFX4rg",13,NA,5,NA
"C6FdaOsLL8vp2sdEAFgmzZ0hf3",1,35,35,1
"C6FdaOsLL8vp2sdEAFgmzZ0hf3",2,15,15,1
"C6FdaOsLL8vp2sdEAFgmzZ0hf3",3,30,25,0
"C6FdaOsLL8vp2sdEAFgmzZ0hf3",4,25,25,1
"C6FdaOsLL8vp2sdEAFgmzZ0hf3",5,22,20,0
"C6FdaOsLL8vp2sdEAFgmzZ0hf3",6,NA,3,NA
"C6FdaOsLL8vp2sdEAFgmzZ0hf3",7,22,25,0
"C6FdaOsLL8vp2sdEAFgmzZ0hf3",8,40,40,1
"C6FdaOsLL8vp2sdEAFgmzZ0hf3",9,60,20,0
"C6FdaOsLL8vp2sdEAFgmzZ0hf3",10,1,3,0
"C6FdaOsLL8vp2sdEAFgmzZ0hf3",11,2,2,1
"C6FdaOsLL8vp2sdEAFgmzZ0hf3",12,NA,2,NA
"C6FdaOsLL8vp2sdEAFgmzZ0hf3",13,NA,5,NA
"tbCTQoAafrGj5o6gPjlOQQ6qwi",1,35,35,1
"tbCTQoAafrGj5o6gPjlOQQ6qwi",2,15,15,1
"tbCTQoAafrGj5o6gPjlOQQ6qwi",3,25,25,1
"tbCTQoAafrGj5o6gPjlOQQ6qwi",4,25,25,1
"tbCTQoAafrGj5o6gPjlOQQ6qwi",5,20,20,1
"tbCTQoAafrGj5o6gPjlOQQ6qwi",6,3,3,1
"tbCTQoAafrGj5o6gPjlOQQ6qwi",7,25,25,1
"tbCTQoAafrGj5o6gPjlOQQ6qwi",8,40,40,1
"tbCTQoAafrGj5o6gPjlOQQ6qwi",9,60,20,0
"tbCTQoAafrGj5o6gPjlOQQ6qwi",10,3,3,1
"tbCTQoAafrGj5o6gPjlOQQ6qwi",11,2,2,1
"tbCTQoAafrGj5o6gPjlOQQ6qwi",12,1,2,0
"tbCTQoAafrGj5o6gPjlOQQ6qwi",13,50,5,0
"qy2ies2MnUrMAg3lka97bXkkxI",1,35,35,1
"qy2ies2MnUrMAg3lka97bXkkxI",2,15,15,1
"qy2ies2MnUrMAg3lka97bXkkxI",3,25,25,1
"qy2ies2MnUrMAg3lka97bXkkxI",4,25,25,1
"qy2ies2MnUrMAg3lka97bXkkxI",5,20,20,1
"qy2ies2MnUrMAg3lka97bXkkxI",6,3,3,1
"qy2ies2MnUrMAg3lka97bXkkxI",7,25,25,1
"qy2ies2MnUrMAg3lka97bXkkxI",8,40,40,1
"qy2ies2MnUrMAg3lka97bXkkxI",9,20,20,1
"qy2ies2MnUrMAg3lka97bXkkxI",10,3,3,1
"qy2ies2MnUrMAg3lka97bXkkxI",11,4,2,0
"qy2ies2MnUrMAg3lka97bXkkxI",12,2,2,1
"qy2ies2MnUrMAg3lka97bXkkxI",13,5,5,1
"biu5BgZV2AePGJMpaEXIG7u0N3",1,35,35,1
"biu5BgZV2AePGJMpaEXIG7u0N3",2,5,15,0
"biu5BgZV2AePGJMpaEXIG7u0N3",3,25,25,1
"biu5BgZV2AePGJMpaEXIG7u0N3",4,25,25,1
"biu5BgZV2AePGJMpaEXIG7u0N3",5,20,20,1
"biu5BgZV2AePGJMpaEXIG7u0N3",6,3,3,1
"biu5BgZV2AePGJMpaEXIG7u0N3",7,25,25,1
"biu5BgZV2AePGJMpaEXIG7u0N3",8,40,40,1
"biu5BgZV2AePGJMpaEXIG7u0N3",9,20,20,1
"biu5BgZV2AePGJMpaEXIG7u0N3",10,1,3,0
"biu5BgZV2AePGJMpaEXIG7u0N3",11,4,2,0
"biu5BgZV2AePGJMpaEXIG7u0N3",12,2,2,1
"biu5BgZV2AePGJMpaEXIG7u0N3",13,50,5,0
"Itq6YDWXogHpqw9eUguLicnSnw",1,35,35,1
"Itq6YDWXogHpqw9eUguLicnSnw",2,10,15,0
"Itq6YDWXogHpqw9eUguLicnSnw",3,25,25,1
"Itq6YDWXogHpqw9eUguLicnSnw",4,25,25,1
"Itq6YDWXogHpqw9eUguLicnSnw",5,20,20,1
"Itq6YDWXogHpqw9eUguLicnSnw",6,3,3,1
"Itq6YDWXogHpqw9eUguLicnSnw",7,25,25,1
"Itq6YDWXogHpqw9eUguLicnSnw",8,40,40,1
"Itq6YDWXogHpqw9eUguLicnSnw",9,10,20,0
"Itq6YDWXogHpqw9eUguLicnSnw",10,3,3,1
"Itq6YDWXogHpqw9eUguLicnSnw",11,4,2,0
"Itq6YDWXogHpqw9eUguLicnSnw",12,2,2,1
"Itq6YDWXogHpqw9eUguLicnSnw",13,5,5,1
"2bka8DkhxCpWogLHxC1m5mlG7F",1,35,35,1
"2bka8DkhxCpWogLHxC1m5mlG7F",2,5,15,0
"2bka8DkhxCpWogLHxC1m5mlG7F",3,25,25,1
"2bka8DkhxCpWogLHxC1m5mlG7F",4,25,25,1
"2bka8DkhxCpWogLHxC1m5mlG7F",5,20,20,1
"2bka8DkhxCpWogLHxC1m5mlG7F",6,3,3,1
"2bka8DkhxCpWogLHxC1m5mlG7F",7,25,25,1
"2bka8DkhxCpWogLHxC1m5mlG7F",8,40,40,1
"2bka8DkhxCpWogLHxC1m5mlG7F",9,20,20,1
"2bka8DkhxCpWogLHxC1m5mlG7F",10,3,3,1
"2bka8DkhxCpWogLHxC1m5mlG7F",11,4,2,0
"2bka8DkhxCpWogLHxC1m5mlG7F",12,2,2,1
"2bka8DkhxCpWogLHxC1m5mlG7F",13,5,5,1
"haM8gzenfiOZvco8ocxKJo9hW8",1,35,35,1
"haM8gzenfiOZvco8ocxKJo9hW8",2,15,15,1
"haM8gzenfiOZvco8ocxKJo9hW8",3,25,25,1
"haM8gzenfiOZvco8ocxKJo9hW8",4,25,25,1
"haM8gzenfiOZvco8ocxKJo9hW8",5,20,20,1
"haM8gzenfiOZvco8ocxKJo9hW8",6,3,3,1
"haM8gzenfiOZvco8ocxKJo9hW8",7,25,25,1
"haM8gzenfiOZvco8ocxKJo9hW8",8,40,40,1
"haM8gzenfiOZvco8ocxKJo9hW8",9,20,20,1
"haM8gzenfiOZvco8ocxKJo9hW8",10,1,3,0
"haM8gzenfiOZvco8ocxKJo9hW8",11,2,2,1
"haM8gzenfiOZvco8ocxKJo9hW8",12,1,2,0
"haM8gzenfiOZvco8ocxKJo9hW8",13,5,5,1
"Ev2q5ZLI9arbNnB0IydGIw1Ms4",1,35,35,1
"Ev2q5ZLI9arbNnB0IydGIw1Ms4",2,15,15,1
"Ev2q5ZLI9arbNnB0IydGIw1Ms4",3,25,25,1
"Ev2q5ZLI9arbNnB0IydGIw1Ms4",4,25,25,1
"Ev2q5ZLI9arbNnB0IydGIw1Ms4",5,20,20,1
"Ev2q5ZLI9arbNnB0IydGIw1Ms4",6,NA,3,NA
"Ev2q5ZLI9arbNnB0IydGIw1Ms4",7,NA,25,NA
"Ev2q5ZLI9arbNnB0IydGIw1Ms4",8,NA,40,NA
"Ev2q5ZLI9arbNnB0IydGIw1Ms4",9,NA,20,NA
"Ev2q5ZLI9arbNnB0IydGIw1Ms4",10,NA,3,NA
"Ev2q5ZLI9arbNnB0IydGIw1Ms4",11,NA,2,NA
"Ev2q5ZLI9arbNnB0IydGIw1Ms4",12,NA,2,NA
"Ev2q5ZLI9arbNnB0IydGIw1Ms4",13,NA,5,NA
"8M8VKFcBeQZ2iUhV3RNIMF1N8Q",1,35,35,1
"8M8VKFcBeQZ2iUhV3RNIMF1N8Q",2,15,15,1
"8M8VKFcBeQZ2iUhV3RNIMF1N8Q",3,25,25,1
"8M8VKFcBeQZ2iUhV3RNIMF1N8Q",4,25,25,1
"8M8VKFcBeQZ2iUhV3RNIMF1N8Q",5,20,20,1
"8M8VKFcBeQZ2iUhV3RNIMF1N8Q",6,3,3,1
"8M8VKFcBeQZ2iUhV3RNIMF1N8Q",7,25,25,1
"8M8VKFcBeQZ2iUhV3RNIMF1N8Q",8,40,40,1
"8M8VKFcBeQZ2iUhV3RNIMF1N8Q",9,20,20,1
"8M8VKFcBeQZ2iUhV3RNIMF1N8Q",10,1,3,0
"8M8VKFcBeQZ2iUhV3RNIMF1N8Q",11,2,2,1
"8M8VKFcBeQZ2iUhV3RNIMF1N8Q",12,2,2,1
"8M8VKFcBeQZ2iUhV3RNIMF1N8Q",13,5,5,1
"InuVSSgb9zkRgNy4sBB990gX9a",1,35,35,1
"InuVSSgb9zkRgNy4sBB990gX9a",2,5,15,0
"InuVSSgb9zkRgNy4sBB990gX9a",3,25,25,1
"InuVSSgb9zkRgNy4sBB990gX9a",4,25,25,1
"InuVSSgb9zkRgNy4sBB990gX9a",5,20,20,1
"InuVSSgb9zkRgNy4sBB990gX9a",6,3,3,1
"InuVSSgb9zkRgNy4sBB990gX9a",7,25,25,1
"InuVSSgb9zkRgNy4sBB990gX9a",8,40,40,1
"InuVSSgb9zkRgNy4sBB990gX9a",9,20,20,1
"InuVSSgb9zkRgNy4sBB990gX9a",10,1,3,0
"InuVSSgb9zkRgNy4sBB990gX9a",11,2,2,1
"InuVSSgb9zkRgNy4sBB990gX9a",12,2,2,1
"InuVSSgb9zkRgNy4sBB990gX9a",13,50,5,0
"dYGsqbBUw2jxZFU5A1H7OG25F1",1,35,35,1
"dYGsqbBUw2jxZFU5A1H7OG25F1",2,15,15,1
"dYGsqbBUw2jxZFU5A1H7OG25F1",3,25,25,1
"dYGsqbBUw2jxZFU5A1H7OG25F1",4,25,25,1
"dYGsqbBUw2jxZFU5A1H7OG25F1",5,20,20,1
"dYGsqbBUw2jxZFU5A1H7OG25F1",6,3,3,1
"dYGsqbBUw2jxZFU5A1H7OG25F1",7,32,25,0
"dYGsqbBUw2jxZFU5A1H7OG25F1",8,40,40,1
"dYGsqbBUw2jxZFU5A1H7OG25F1",9,20,20,1
"dYGsqbBUw2jxZFU5A1H7OG25F1",10,3,3,1
"dYGsqbBUw2jxZFU5A1H7OG25F1",11,4,2,0
"dYGsqbBUw2jxZFU5A1H7OG25F1",12,2,2,1
"dYGsqbBUw2jxZFU5A1H7OG25F1",13,5,5,1
"E3zMBre7EWQqIFWrLWlBW7xF35",1,35,35,1
"E3zMBre7EWQqIFWrLWlBW7xF35",2,15,15,1
"E3zMBre7EWQqIFWrLWlBW7xF35",3,25,25,1
"E3zMBre7EWQqIFWrLWlBW7xF35",4,25,25,1
"E3zMBre7EWQqIFWrLWlBW7xF35",5,20,20,1
"E3zMBre7EWQqIFWrLWlBW7xF35",6,3,3,1
"E3zMBre7EWQqIFWrLWlBW7xF35",7,24,25,0
"E3zMBre7EWQqIFWrLWlBW7xF35",8,40,40,1
"E3zMBre7EWQqIFWrLWlBW7xF35",9,20,20,1
"E3zMBre7EWQqIFWrLWlBW7xF35",10,3,3,1
"E3zMBre7EWQqIFWrLWlBW7xF35",11,2,2,1
"E3zMBre7EWQqIFWrLWlBW7xF35",12,2,2,1
"E3zMBre7EWQqIFWrLWlBW7xF35",13,50,5,0
"ZT0jyke8Yvldqb506vgclgoazI",1,35,35,1
"ZT0jyke8Yvldqb506vgclgoazI",2,10,15,0
"ZT0jyke8Yvldqb506vgclgoazI",3,25,25,1
"ZT0jyke8Yvldqb506vgclgoazI",4,25,25,1
"ZT0jyke8Yvldqb506vgclgoazI",5,20,20,1
"ZT0jyke8Yvldqb506vgclgoazI",6,3,3,1
"ZT0jyke8Yvldqb506vgclgoazI",7,24,25,0
"ZT0jyke8Yvldqb506vgclgoazI",8,40,40,1
"ZT0jyke8Yvldqb506vgclgoazI",9,60,20,0
"ZT0jyke8Yvldqb506vgclgoazI",10,3,3,1
"ZT0jyke8Yvldqb506vgclgoazI",11,4,2,0
"ZT0jyke8Yvldqb506vgclgoazI",12,2,2,1
"ZT0jyke8Yvldqb506vgclgoazI",13,5,5,1
"MHzEVEOUqQdyi9lBwTBhVZB0yz",1,35,35,1
"MHzEVEOUqQdyi9lBwTBhVZB0yz",2,10,15,0
"MHzEVEOUqQdyi9lBwTBhVZB0yz",3,25,25,1
"MHzEVEOUqQdyi9lBwTBhVZB0yz",4,25,25,1
"MHzEVEOUqQdyi9lBwTBhVZB0yz",5,20,20,1
"MHzEVEOUqQdyi9lBwTBhVZB0yz",6,2,3,0
"MHzEVEOUqQdyi9lBwTBhVZB0yz",7,12,25,0
"MHzEVEOUqQdyi9lBwTBhVZB0yz",8,40,40,1
"MHzEVEOUqQdyi9lBwTBhVZB0yz",9,20,20,1
"MHzEVEOUqQdyi9lBwTBhVZB0yz",10,3,3,1
"MHzEVEOUqQdyi9lBwTBhVZB0yz",11,4,2,0
"MHzEVEOUqQdyi9lBwTBhVZB0yz",12,NA,2,NA
"MHzEVEOUqQdyi9lBwTBhVZB0yz",13,NA,5,NA
"CZ6NQEOfRqsY44RJ2lktZVRGRA",1,30,35,0
"CZ6NQEOfRqsY44RJ2lktZVRGRA",2,15,15,1
"CZ6NQEOfRqsY44RJ2lktZVRGRA",3,25,25,1
"CZ6NQEOfRqsY44RJ2lktZVRGRA",4,25,25,1
"CZ6NQEOfRqsY44RJ2lktZVRGRA",5,20,20,1
"CZ6NQEOfRqsY44RJ2lktZVRGRA",6,3,3,1
"CZ6NQEOfRqsY44RJ2lktZVRGRA",7,25,25,1
"CZ6NQEOfRqsY44RJ2lktZVRGRA",8,40,40,1
"CZ6NQEOfRqsY44RJ2lktZVRGRA",9,60,20,0
"CZ6NQEOfRqsY44RJ2lktZVRGRA",10,3,3,1
"CZ6NQEOfRqsY44RJ2lktZVRGRA",11,4,2,0
"CZ6NQEOfRqsY44RJ2lktZVRGRA",12,3,2,0
"CZ6NQEOfRqsY44RJ2lktZVRGRA",13,5,5,1
"o9cl9d8I9GR8WwsVdnJfEPnqyR",1,50,35,0
"o9cl9d8I9GR8WwsVdnJfEPnqyR",2,50,15,0
"o9cl9d8I9GR8WwsVdnJfEPnqyR",3,NA,25,NA
"o9cl9d8I9GR8WwsVdnJfEPnqyR",4,40,25,0
"o9cl9d8I9GR8WwsVdnJfEPnqyR",5,69,20,0
"o9cl9d8I9GR8WwsVdnJfEPnqyR",6,2,3,0
"o9cl9d8I9GR8WwsVdnJfEPnqyR",7,80,25,0
"o9cl9d8I9GR8WwsVdnJfEPnqyR",8,50,40,0
"o9cl9d8I9GR8WwsVdnJfEPnqyR",9,55,20,0
"o9cl9d8I9GR8WwsVdnJfEPnqyR",10,3,3,1
"o9cl9d8I9GR8WwsVdnJfEPnqyR",11,3,2,0
"o9cl9d8I9GR8WwsVdnJfEPnqyR",12,3,2,0
"o9cl9d8I9GR8WwsVdnJfEPnqyR",13,75,5,0
"TmDcNAe6FRG5OYjfe8OcTpBEk5",1,35,35,1
"TmDcNAe6FRG5OYjfe8OcTpBEk5",2,15,15,1
"TmDcNAe6FRG5OYjfe8OcTpBEk5",3,25,25,1
"TmDcNAe6FRG5OYjfe8OcTpBEk5",4,25,25,1
"TmDcNAe6FRG5OYjfe8OcTpBEk5",5,20,20,1
"TmDcNAe6FRG5OYjfe8OcTpBEk5",6,3,3,1
"TmDcNAe6FRG5OYjfe8OcTpBEk5",7,25,25,1
"TmDcNAe6FRG5OYjfe8OcTpBEk5",8,40,40,1
"TmDcNAe6FRG5OYjfe8OcTpBEk5",9,20,20,1
"TmDcNAe6FRG5OYjfe8OcTpBEk5",10,2,3,0
"TmDcNAe6FRG5OYjfe8OcTpBEk5",11,3,2,0
"TmDcNAe6FRG5OYjfe8OcTpBEk5",12,2,2,1
"TmDcNAe6FRG5OYjfe8OcTpBEk5",13,5,5,1
"wgxtKbDhWVjtCDxLrkIFfBb763",1,35,35,1
"wgxtKbDhWVjtCDxLrkIFfBb763",2,10,15,0
"wgxtKbDhWVjtCDxLrkIFfBb763",3,24,25,0
"wgxtKbDhWVjtCDxLrkIFfBb763",4,26,25,0
"wgxtKbDhWVjtCDxLrkIFfBb763",5,20,20,1
"wgxtKbDhWVjtCDxLrkIFfBb763",6,3,3,1
"wgxtKbDhWVjtCDxLrkIFfBb763",7,25,25,1
"wgxtKbDhWVjtCDxLrkIFfBb763",8,40,40,1
"wgxtKbDhWVjtCDxLrkIFfBb763",9,20,20,1
"wgxtKbDhWVjtCDxLrkIFfBb763",10,3,3,1
"wgxtKbDhWVjtCDxLrkIFfBb763",11,4,2,0
"wgxtKbDhWVjtCDxLrkIFfBb763",12,2,2,1
"wgxtKbDhWVjtCDxLrkIFfBb763",13,5,5,1
"Gs5GNIfI1EsQ3Ful5CBfylBy21",1,35,35,1
"Gs5GNIfI1EsQ3Ful5CBfylBy21",2,15,15,1
"Gs5GNIfI1EsQ3Ful5CBfylBy21",3,25,25,1
"Gs5GNIfI1EsQ3Ful5CBfylBy21",4,25,25,1
"Gs5GNIfI1EsQ3Ful5CBfylBy21",5,20,20,1
"Gs5GNIfI1EsQ3Ful5CBfylBy21",6,3,3,1
"Gs5GNIfI1EsQ3Ful5CBfylBy21",7,25,25,1
"Gs5GNIfI1EsQ3Ful5CBfylBy21",8,40,40,1
"Gs5GNIfI1EsQ3Ful5CBfylBy21",9,20,20,1
"Gs5GNIfI1EsQ3Ful5CBfylBy21",10,3,3,1
"Gs5GNIfI1EsQ3Ful5CBfylBy21",11,2,2,1
"Gs5GNIfI1EsQ3Ful5CBfylBy21",12,2,2,1
"Gs5GNIfI1EsQ3Ful5CBfylBy21",13,5,5,1
"N5lNa4Sc3baOKPmS2V3PK3Wbf2",1,89,35,0
"N5lNa4Sc3baOKPmS2V3PK3Wbf2",2,100,15,0
"N5lNa4Sc3baOKPmS2V3PK3Wbf2",3,75,25,0
"N5lNa4Sc3baOKPmS2V3PK3Wbf2",4,80,25,0
"N5lNa4Sc3baOKPmS2V3PK3Wbf2",5,75,20,0
"N5lNa4Sc3baOKPmS2V3PK3Wbf2",6,2,3,0
"N5lNa4Sc3baOKPmS2V3PK3Wbf2",7,45,25,0
"N5lNa4Sc3baOKPmS2V3PK3Wbf2",8,65,40,0
"N5lNa4Sc3baOKPmS2V3PK3Wbf2",9,70,20,0
"N5lNa4Sc3baOKPmS2V3PK3Wbf2",10,3,3,1
"N5lNa4Sc3baOKPmS2V3PK3Wbf2",11,4,2,0
"N5lNa4Sc3baOKPmS2V3PK3Wbf2",12,3,2,0
"N5lNa4Sc3baOKPmS2V3PK3Wbf2",13,66,5,0
"2TBHnZOJUYj0MYZrQRly55DXIe",1,35,35,1
"2TBHnZOJUYj0MYZrQRly55DXIe",2,10,15,0
"2TBHnZOJUYj0MYZrQRly55DXIe",3,25,25,1
"2TBHnZOJUYj0MYZrQRly55DXIe",4,25,25,1
"2TBHnZOJUYj0MYZrQRly55DXIe",5,20,20,1
"2TBHnZOJUYj0MYZrQRly55DXIe",6,3,3,1
"2TBHnZOJUYj0MYZrQRly55DXIe",7,2440,25,0
"2TBHnZOJUYj0MYZrQRly55DXIe",8,40,40,1
"2TBHnZOJUYj0MYZrQRly55DXIe",9,60,20,0
"2TBHnZOJUYj0MYZrQRly55DXIe",10,1,3,0
"2TBHnZOJUYj0MYZrQRly55DXIe",11,2,2,1
"2TBHnZOJUYj0MYZrQRly55DXIe",12,2,2,1
"2TBHnZOJUYj0MYZrQRly55DXIe",13,5,5,1
"4dlMkaMkKa009NZWAw1iqBcwPi",1,45,35,0
"4dlMkaMkKa009NZWAw1iqBcwPi",2,35,15,0
"4dlMkaMkKa009NZWAw1iqBcwPi",3,50,25,0
"4dlMkaMkKa009NZWAw1iqBcwPi",4,20,25,0
"4dlMkaMkKa009NZWAw1iqBcwPi",5,20,20,1
"4dlMkaMkKa009NZWAw1iqBcwPi",6,3,3,1
"4dlMkaMkKa009NZWAw1iqBcwPi",7,24,25,0
"4dlMkaMkKa009NZWAw1iqBcwPi",8,50,40,0
"4dlMkaMkKa009NZWAw1iqBcwPi",9,50,20,0
"4dlMkaMkKa009NZWAw1iqBcwPi",10,2,3,0
"4dlMkaMkKa009NZWAw1iqBcwPi",11,2,2,1
"4dlMkaMkKa009NZWAw1iqBcwPi",12,2,2,1
"4dlMkaMkKa009NZWAw1iqBcwPi",13,80,5,0
"HSoSwwbH35lqpoIXceM6dQWjth",1,35,35,1
"HSoSwwbH35lqpoIXceM6dQWjth",2,15,15,1
"HSoSwwbH35lqpoIXceM6dQWjth",3,25,25,1
"HSoSwwbH35lqpoIXceM6dQWjth",4,25,25,1
"HSoSwwbH35lqpoIXceM6dQWjth",5,20,20,1
"HSoSwwbH35lqpoIXceM6dQWjth",6,3,3,1
"HSoSwwbH35lqpoIXceM6dQWjth",7,23,25,0
"HSoSwwbH35lqpoIXceM6dQWjth",8,40,40,1
"HSoSwwbH35lqpoIXceM6dQWjth",9,60,20,0
"HSoSwwbH35lqpoIXceM6dQWjth",10,1,3,0
"HSoSwwbH35lqpoIXceM6dQWjth",11,2,2,1
"HSoSwwbH35lqpoIXceM6dQWjth",12,2,2,1
"HSoSwwbH35lqpoIXceM6dQWjth",13,5,5,1
"3y3YlXMmKNewtENV4M3R0mpOWb",1,35,35,1
"3y3YlXMmKNewtENV4M3R0mpOWb",2,15,15,1
"3y3YlXMmKNewtENV4M3R0mpOWb",3,25,25,1
"3y3YlXMmKNewtENV4M3R0mpOWb",4,25,25,1
"3y3YlXMmKNewtENV4M3R0mpOWb",5,20,20,1
"3y3YlXMmKNewtENV4M3R0mpOWb",6,1,3,0
"3y3YlXMmKNewtENV4M3R0mpOWb",7,25,25,1
"3y3YlXMmKNewtENV4M3R0mpOWb",8,40,40,1
"3y3YlXMmKNewtENV4M3R0mpOWb",9,20,20,1
"3y3YlXMmKNewtENV4M3R0mpOWb",10,3,3,1
"3y3YlXMmKNewtENV4M3R0mpOWb",11,2,2,1
"3y3YlXMmKNewtENV4M3R0mpOWb",12,2,2,1
"3y3YlXMmKNewtENV4M3R0mpOWb",13,5,5,1
"0cxe8fZLamHcc6kdd4QgXwISRo",1,35,35,1
"0cxe8fZLamHcc6kdd4QgXwISRo",2,15,15,1
"0cxe8fZLamHcc6kdd4QgXwISRo",3,25,25,1
"0cxe8fZLamHcc6kdd4QgXwISRo",4,25,25,1
"0cxe8fZLamHcc6kdd4QgXwISRo",5,20,20,1
"0cxe8fZLamHcc6kdd4QgXwISRo",6,3,3,1
"0cxe8fZLamHcc6kdd4QgXwISRo",7,25,25,1
"0cxe8fZLamHcc6kdd4QgXwISRo",8,40,40,1
"0cxe8fZLamHcc6kdd4QgXwISRo",9,20,20,1
"0cxe8fZLamHcc6kdd4QgXwISRo",10,3,3,1
"0cxe8fZLamHcc6kdd4QgXwISRo",11,2,2,1
"0cxe8fZLamHcc6kdd4QgXwISRo",12,2,2,1
"0cxe8fZLamHcc6kdd4QgXwISRo",13,5,5,1
"sbHdu8GGTMOpO46g343rinHq9e",1,35,35,1
"sbHdu8GGTMOpO46g343rinHq9e",2,15,15,1
"sbHdu8GGTMOpO46g343rinHq9e",3,25,25,1
"sbHdu8GGTMOpO46g343rinHq9e",4,25,25,1
"sbHdu8GGTMOpO46g343rinHq9e",5,20,20,1
"sbHdu8GGTMOpO46g343rinHq9e",6,3,3,1
"sbHdu8GGTMOpO46g343rinHq9e",7,25,25,1
"sbHdu8GGTMOpO46g343rinHq9e",8,40,40,1
"sbHdu8GGTMOpO46g343rinHq9e",9,20,20,1
"sbHdu8GGTMOpO46g343rinHq9e",10,3,3,1
"sbHdu8GGTMOpO46g343rinHq9e",11,2,2,1
"sbHdu8GGTMOpO46g343rinHq9e",12,2,2,1
"sbHdu8GGTMOpO46g343rinHq9e",13,5,5,1
"G5ZBpCO4zXZko6cqwrVDNbgyix",1,35,35,1
"G5ZBpCO4zXZko6cqwrVDNbgyix",2,15,15,1
"G5ZBpCO4zXZko6cqwrVDNbgyix",3,25,25,1
"G5ZBpCO4zXZko6cqwrVDNbgyix",4,25,25,1
"G5ZBpCO4zXZko6cqwrVDNbgyix",5,18,20,0
"G5ZBpCO4zXZko6cqwrVDNbgyix",6,3,3,1
"G5ZBpCO4zXZko6cqwrVDNbgyix",7,24,25,0
"G5ZBpCO4zXZko6cqwrVDNbgyix",8,40,40,1
"G5ZBpCO4zXZko6cqwrVDNbgyix",9,20,20,1
"G5ZBpCO4zXZko6cqwrVDNbgyix",10,1,3,0
"G5ZBpCO4zXZko6cqwrVDNbgyix",11,2,2,1
"G5ZBpCO4zXZko6cqwrVDNbgyix",12,2,2,1
"G5ZBpCO4zXZko6cqwrVDNbgyix",13,5,5,1
"7nlmw3BdK1kwluT1CwmeYU4H3t",1,35,35,1
"7nlmw3BdK1kwluT1CwmeYU4H3t",2,15,15,1
"7nlmw3BdK1kwluT1CwmeYU4H3t",3,25,25,1
"7nlmw3BdK1kwluT1CwmeYU4H3t",4,25,25,1
"7nlmw3BdK1kwluT1CwmeYU4H3t",5,20,20,1
"7nlmw3BdK1kwluT1CwmeYU4H3t",6,3,3,1
"7nlmw3BdK1kwluT1CwmeYU4H3t",7,24,25,0
"7nlmw3BdK1kwluT1CwmeYU4H3t",8,40,40,1
"7nlmw3BdK1kwluT1CwmeYU4H3t",9,20,20,1
"7nlmw3BdK1kwluT1CwmeYU4H3t",10,3,3,1
"7nlmw3BdK1kwluT1CwmeYU4H3t",11,2,2,1
"7nlmw3BdK1kwluT1CwmeYU4H3t",12,2,2,1
"7nlmw3BdK1kwluT1CwmeYU4H3t",13,NA,5,NA
"NZN7BcYRtWqW3CM7xNuzZODHlk",1,35,35,1
"NZN7BcYRtWqW3CM7xNuzZODHlk",2,15,15,1
"NZN7BcYRtWqW3CM7xNuzZODHlk",3,25,25,1
"NZN7BcYRtWqW3CM7xNuzZODHlk",4,25,25,1
"NZN7BcYRtWqW3CM7xNuzZODHlk",5,23,20,0
"NZN7BcYRtWqW3CM7xNuzZODHlk",6,3,3,1
"NZN7BcYRtWqW3CM7xNuzZODHlk",7,25,25,1
"NZN7BcYRtWqW3CM7xNuzZODHlk",8,40,40,1
"NZN7BcYRtWqW3CM7xNuzZODHlk",9,60,20,0
"NZN7BcYRtWqW3CM7xNuzZODHlk",10,2,3,0
"NZN7BcYRtWqW3CM7xNuzZODHlk",11,2,2,1
"NZN7BcYRtWqW3CM7xNuzZODHlk",12,NA,2,NA
"NZN7BcYRtWqW3CM7xNuzZODHlk",13,NA,5,NA
"v0xHEZJAnH2hBk7KYt5bJ1pphi",1,35,35,1
"v0xHEZJAnH2hBk7KYt5bJ1pphi",2,15,15,1
"v0xHEZJAnH2hBk7KYt5bJ1pphi",3,25,25,1
"v0xHEZJAnH2hBk7KYt5bJ1pphi",4,25,25,1
"v0xHEZJAnH2hBk7KYt5bJ1pphi",5,20,20,1
"v0xHEZJAnH2hBk7KYt5bJ1pphi",6,3,3,1
"v0xHEZJAnH2hBk7KYt5bJ1pphi",7,26,25,0
"v0xHEZJAnH2hBk7KYt5bJ1pphi",8,40,40,1
"v0xHEZJAnH2hBk7KYt5bJ1pphi",9,60,20,0
"v0xHEZJAnH2hBk7KYt5bJ1pphi",10,3,3,1
"v0xHEZJAnH2hBk7KYt5bJ1pphi",11,3,2,0
"v0xHEZJAnH2hBk7KYt5bJ1pphi",12,2,2,1
"v0xHEZJAnH2hBk7KYt5bJ1pphi",13,5,5,1
"pdNlWr7CTQH6apW74umDCdw3QH",1,35,35,1
"pdNlWr7CTQH6apW74umDCdw3QH",2,15,15,1
"pdNlWr7CTQH6apW74umDCdw3QH",3,25,25,1
"pdNlWr7CTQH6apW74umDCdw3QH",4,25,25,1
"pdNlWr7CTQH6apW74umDCdw3QH",5,20,20,1
"pdNlWr7CTQH6apW74umDCdw3QH",6,3,3,1
"pdNlWr7CTQH6apW74umDCdw3QH",7,24,25,0
"pdNlWr7CTQH6apW74umDCdw3QH",8,40,40,1
"pdNlWr7CTQH6apW74umDCdw3QH",9,20,20,1
"pdNlWr7CTQH6apW74umDCdw3QH",10,3,3,1
"pdNlWr7CTQH6apW74umDCdw3QH",11,2,2,1
"pdNlWr7CTQH6apW74umDCdw3QH",12,2,2,1
"pdNlWr7CTQH6apW74umDCdw3QH",13,NA,5,NA
"1qqyj3uwoGDwVUhFSx8uq9XZ2k",1,35,35,1
"1qqyj3uwoGDwVUhFSx8uq9XZ2k",2,15,15,1
"1qqyj3uwoGDwVUhFSx8uq9XZ2k",3,25,25,1
"1qqyj3uwoGDwVUhFSx8uq9XZ2k",4,25,25,1
"1qqyj3uwoGDwVUhFSx8uq9XZ2k",5,20,20,1
"1qqyj3uwoGDwVUhFSx8uq9XZ2k",6,3,3,1
"1qqyj3uwoGDwVUhFSx8uq9XZ2k",7,25,25,1
"1qqyj3uwoGDwVUhFSx8uq9XZ2k",8,40,40,1
"1qqyj3uwoGDwVUhFSx8uq9XZ2k",9,20,20,1
"1qqyj3uwoGDwVUhFSx8uq9XZ2k",10,1,3,0
"1qqyj3uwoGDwVUhFSx8uq9XZ2k",11,2,2,1
"1qqyj3uwoGDwVUhFSx8uq9XZ2k",12,2,2,1
"1qqyj3uwoGDwVUhFSx8uq9XZ2k",13,5,5,1
"bdQFUzfoOeMyBEsjMxPAOHZnTY",1,35,35,1
"bdQFUzfoOeMyBEsjMxPAOHZnTY",2,15,15,1
"bdQFUzfoOeMyBEsjMxPAOHZnTY",3,25,25,1
"bdQFUzfoOeMyBEsjMxPAOHZnTY",4,25,25,1
"bdQFUzfoOeMyBEsjMxPAOHZnTY",5,20,20,1
"bdQFUzfoOeMyBEsjMxPAOHZnTY",6,3,3,1
"bdQFUzfoOeMyBEsjMxPAOHZnTY",7,25,25,1
"bdQFUzfoOeMyBEsjMxPAOHZnTY",8,40,40,1
"bdQFUzfoOeMyBEsjMxPAOHZnTY",9,20,20,1
"bdQFUzfoOeMyBEsjMxPAOHZnTY",10,3,3,1
"bdQFUzfoOeMyBEsjMxPAOHZnTY",11,4,2,0
"bdQFUzfoOeMyBEsjMxPAOHZnTY",12,2,2,1
"bdQFUzfoOeMyBEsjMxPAOHZnTY",13,5,5,1
"gtPUi7sqEEoHOD7DLj5gzQtsgx",1,35,35,1
"gtPUi7sqEEoHOD7DLj5gzQtsgx",2,15,15,1
"gtPUi7sqEEoHOD7DLj5gzQtsgx",3,25,25,1
"gtPUi7sqEEoHOD7DLj5gzQtsgx",4,25,25,1
"gtPUi7sqEEoHOD7DLj5gzQtsgx",5,23,20,0
"gtPUi7sqEEoHOD7DLj5gzQtsgx",6,3,3,1
"gtPUi7sqEEoHOD7DLj5gzQtsgx",7,26,25,0
"gtPUi7sqEEoHOD7DLj5gzQtsgx",8,40,40,1
"gtPUi7sqEEoHOD7DLj5gzQtsgx",9,1.5,20,0
"gtPUi7sqEEoHOD7DLj5gzQtsgx",10,2,3,0
"gtPUi7sqEEoHOD7DLj5gzQtsgx",11,2,2,1
"gtPUi7sqEEoHOD7DLj5gzQtsgx",12,2,2,1
"gtPUi7sqEEoHOD7DLj5gzQtsgx",13,5,5,1
"PCJOjPEaFjLMSe7X9TUJRlYxCO",1,35,35,1
"PCJOjPEaFjLMSe7X9TUJRlYxCO",2,15,15,1
"PCJOjPEaFjLMSe7X9TUJRlYxCO",3,25,25,1
"PCJOjPEaFjLMSe7X9TUJRlYxCO",4,25,25,1
"PCJOjPEaFjLMSe7X9TUJRlYxCO",5,20,20,1
"PCJOjPEaFjLMSe7X9TUJRlYxCO",6,3,3,1
"PCJOjPEaFjLMSe7X9TUJRlYxCO",7,24,25,0
"PCJOjPEaFjLMSe7X9TUJRlYxCO",8,40,40,1
"PCJOjPEaFjLMSe7X9TUJRlYxCO",9,20,20,1
"PCJOjPEaFjLMSe7X9TUJRlYxCO",10,3,3,1
"PCJOjPEaFjLMSe7X9TUJRlYxCO",11,2,2,1
"PCJOjPEaFjLMSe7X9TUJRlYxCO",12,2,2,1
"PCJOjPEaFjLMSe7X9TUJRlYxCO",13,50,5,0
"IeeHxA8B20Qf7dqBptd23gQsws",1,35,35,1
"IeeHxA8B20Qf7dqBptd23gQsws",2,15,15,1
"IeeHxA8B20Qf7dqBptd23gQsws",3,25,25,1
"IeeHxA8B20Qf7dqBptd23gQsws",4,25,25,1
"IeeHxA8B20Qf7dqBptd23gQsws",5,20,20,1
"IeeHxA8B20Qf7dqBptd23gQsws",6,3,3,1
"IeeHxA8B20Qf7dqBptd23gQsws",7,25,25,1
"IeeHxA8B20Qf7dqBptd23gQsws",8,40,40,1
"IeeHxA8B20Qf7dqBptd23gQsws",9,20,20,1
"IeeHxA8B20Qf7dqBptd23gQsws",10,1,3,0
"IeeHxA8B20Qf7dqBptd23gQsws",11,2,2,1
"IeeHxA8B20Qf7dqBptd23gQsws",12,2,2,1
"IeeHxA8B20Qf7dqBptd23gQsws",13,5,5,1
"G0APNAVl50xWcSR7tOqyClaPyf",1,35,35,1
"G0APNAVl50xWcSR7tOqyClaPyf",2,15,15,1
"G0APNAVl50xWcSR7tOqyClaPyf",3,25,25,1
"G0APNAVl50xWcSR7tOqyClaPyf",4,25,25,1
"G0APNAVl50xWcSR7tOqyClaPyf",5,20,20,1
"G0APNAVl50xWcSR7tOqyClaPyf",6,3,3,1
"G0APNAVl50xWcSR7tOqyClaPyf",7,24,25,0
"G0APNAVl50xWcSR7tOqyClaPyf",8,40,40,1
"G0APNAVl50xWcSR7tOqyClaPyf",9,20,20,1
"G0APNAVl50xWcSR7tOqyClaPyf",10,3,3,1
"G0APNAVl50xWcSR7tOqyClaPyf",11,2,2,1
"G0APNAVl50xWcSR7tOqyClaPyf",12,2,2,1
"G0APNAVl50xWcSR7tOqyClaPyf",13,5,5,1
"9BIZx07jE4Ef90AedDSlXVBssn",1,35,35,1
"9BIZx07jE4Ef90AedDSlXVBssn",2,10,15,0
"9BIZx07jE4Ef90AedDSlXVBssn",3,25,25,1
"9BIZx07jE4Ef90AedDSlXVBssn",4,25,25,1
"9BIZx07jE4Ef90AedDSlXVBssn",5,20,20,1
"9BIZx07jE4Ef90AedDSlXVBssn",6,3,3,1
"9BIZx07jE4Ef90AedDSlXVBssn",7,25,25,1
"9BIZx07jE4Ef90AedDSlXVBssn",8,40,40,1
"9BIZx07jE4Ef90AedDSlXVBssn",9,60,20,0
"9BIZx07jE4Ef90AedDSlXVBssn",10,3,3,1
"9BIZx07jE4Ef90AedDSlXVBssn",11,4,2,0
"9BIZx07jE4Ef90AedDSlXVBssn",12,3,2,0
"9BIZx07jE4Ef90AedDSlXVBssn",13,50,5,0
"61lVwkrbPKX7s3Sky5R1eGbANB",1,35,35,1
"61lVwkrbPKX7s3Sky5R1eGbANB",2,15,15,1
"61lVwkrbPKX7s3Sky5R1eGbANB",3,25,25,1
"61lVwkrbPKX7s3Sky5R1eGbANB",4,25,25,1
"61lVwkrbPKX7s3Sky5R1eGbANB",5,20,20,1
"61lVwkrbPKX7s3Sky5R1eGbANB",6,3,3,1
"61lVwkrbPKX7s3Sky5R1eGbANB",7,25,25,1
"61lVwkrbPKX7s3Sky5R1eGbANB",8,40,40,1
"61lVwkrbPKX7s3Sky5R1eGbANB",9,20,20,1
"61lVwkrbPKX7s3Sky5R1eGbANB",10,3,3,1
"61lVwkrbPKX7s3Sky5R1eGbANB",11,2,2,1
"61lVwkrbPKX7s3Sky5R1eGbANB",12,2,2,1
"61lVwkrbPKX7s3Sky5R1eGbANB",13,5,5,1
"b9CoBZdE1dRpzYftOrE2yXFZxW",1,35,35,1
"b9CoBZdE1dRpzYftOrE2yXFZxW",2,15,15,1
"b9CoBZdE1dRpzYftOrE2yXFZxW",3,25,25,1
"b9CoBZdE1dRpzYftOrE2yXFZxW",4,25,25,1
"b9CoBZdE1dRpzYftOrE2yXFZxW",5,20,20,1
"b9CoBZdE1dRpzYftOrE2yXFZxW",6,3,3,1
"b9CoBZdE1dRpzYftOrE2yXFZxW",7,24,25,0
"b9CoBZdE1dRpzYftOrE2yXFZxW",8,40,40,1
"b9CoBZdE1dRpzYftOrE2yXFZxW",9,20,20,1
"b9CoBZdE1dRpzYftOrE2yXFZxW",10,3,3,1
"b9CoBZdE1dRpzYftOrE2yXFZxW",11,4,2,0
"b9CoBZdE1dRpzYftOrE2yXFZxW",12,2,2,1
"b9CoBZdE1dRpzYftOrE2yXFZxW",13,5,5,1
"fKyu5qyHKrGbQNZ5V22Ujidtu2",1,35,35,1
"fKyu5qyHKrGbQNZ5V22Ujidtu2",2,15,15,1
"fKyu5qyHKrGbQNZ5V22Ujidtu2",3,24,25,0
"fKyu5qyHKrGbQNZ5V22Ujidtu2",4,24,25,0
"fKyu5qyHKrGbQNZ5V22Ujidtu2",5,20,20,1
"fKyu5qyHKrGbQNZ5V22Ujidtu2",6,3,3,1
"fKyu5qyHKrGbQNZ5V22Ujidtu2",7,25,25,1
"fKyu5qyHKrGbQNZ5V22Ujidtu2",8,40,40,1
"fKyu5qyHKrGbQNZ5V22Ujidtu2",9,60,20,0
"fKyu5qyHKrGbQNZ5V22Ujidtu2",10,1,3,0
"fKyu5qyHKrGbQNZ5V22Ujidtu2",11,2,2,1
"fKyu5qyHKrGbQNZ5V22Ujidtu2",12,2,2,1
"fKyu5qyHKrGbQNZ5V22Ujidtu2",13,5,5,1
"kjTfRJQho7ynOHWmgLuFGqcZAa",1,35,35,1
"kjTfRJQho7ynOHWmgLuFGqcZAa",2,10,15,0
"kjTfRJQho7ynOHWmgLuFGqcZAa",3,25,25,1
"kjTfRJQho7ynOHWmgLuFGqcZAa",4,25,25,1
"kjTfRJQho7ynOHWmgLuFGqcZAa",5,20,20,1
"kjTfRJQho7ynOHWmgLuFGqcZAa",6,3,3,1
"kjTfRJQho7ynOHWmgLuFGqcZAa",7,24,25,0
"kjTfRJQho7ynOHWmgLuFGqcZAa",8,40,40,1
"kjTfRJQho7ynOHWmgLuFGqcZAa",9,20,20,1
"kjTfRJQho7ynOHWmgLuFGqcZAa",10,3,3,1
"kjTfRJQho7ynOHWmgLuFGqcZAa",11,4,2,0
"kjTfRJQho7ynOHWmgLuFGqcZAa",12,2,2,1
"kjTfRJQho7ynOHWmgLuFGqcZAa",13,NA,5,NA
"HzkqNoBV9xN7djmp8KYHcQGVQT",1,35,35,1
"HzkqNoBV9xN7djmp8KYHcQGVQT",2,10,15,0
"HzkqNoBV9xN7djmp8KYHcQGVQT",3,25,25,1
"HzkqNoBV9xN7djmp8KYHcQGVQT",4,25,25,1
"HzkqNoBV9xN7djmp8KYHcQGVQT",5,20,20,1
"HzkqNoBV9xN7djmp8KYHcQGVQT",6,3,3,1
"HzkqNoBV9xN7djmp8KYHcQGVQT",7,24,25,0
"HzkqNoBV9xN7djmp8KYHcQGVQT",8,40,40,1
"HzkqNoBV9xN7djmp8KYHcQGVQT",9,20,20,1
"HzkqNoBV9xN7djmp8KYHcQGVQT",10,3,3,1
"HzkqNoBV9xN7djmp8KYHcQGVQT",11,4,2,0
"HzkqNoBV9xN7djmp8KYHcQGVQT",12,2,2,1
"HzkqNoBV9xN7djmp8KYHcQGVQT",13,5,5,1
"FVXXyUR8N57I32gsI0a7uQIcQ7",1,35,35,1
"FVXXyUR8N57I32gsI0a7uQIcQ7",2,15,15,1
"FVXXyUR8N57I32gsI0a7uQIcQ7",3,25,25,1
"FVXXyUR8N57I32gsI0a7uQIcQ7",4,25,25,1
"FVXXyUR8N57I32gsI0a7uQIcQ7",5,20,20,1
"FVXXyUR8N57I32gsI0a7uQIcQ7",6,3,3,1
"FVXXyUR8N57I32gsI0a7uQIcQ7",7,23,25,0
"FVXXyUR8N57I32gsI0a7uQIcQ7",8,40,40,1
"FVXXyUR8N57I32gsI0a7uQIcQ7",9,20,20,1
"FVXXyUR8N57I32gsI0a7uQIcQ7",10,1,3,0
"FVXXyUR8N57I32gsI0a7uQIcQ7",11,2,2,1
"FVXXyUR8N57I32gsI0a7uQIcQ7",12,2,2,1
"FVXXyUR8N57I32gsI0a7uQIcQ7",13,3,5,0
"FuMnwfdgQxu7LrKtZgvslbjX9q",1,35,35,1
"FuMnwfdgQxu7LrKtZgvslbjX9q",2,15,15,1
"FuMnwfdgQxu7LrKtZgvslbjX9q",3,25,25,1
"FuMnwfdgQxu7LrKtZgvslbjX9q",4,10,25,0
"FuMnwfdgQxu7LrKtZgvslbjX9q",5,20,20,1
"FuMnwfdgQxu7LrKtZgvslbjX9q",6,2,3,0
"FuMnwfdgQxu7LrKtZgvslbjX9q",7,28,25,0
"FuMnwfdgQxu7LrKtZgvslbjX9q",8,50,40,0
"FuMnwfdgQxu7LrKtZgvslbjX9q",9,0,20,0
"FuMnwfdgQxu7LrKtZgvslbjX9q",10,3,3,1
"FuMnwfdgQxu7LrKtZgvslbjX9q",11,3,2,0
"FuMnwfdgQxu7LrKtZgvslbjX9q",12,2,2,1
"FuMnwfdgQxu7LrKtZgvslbjX9q",13,5,5,1
"M3QkqwsGG89cfZHwg8LJX8Bq8F",1,35,35,1
"M3QkqwsGG89cfZHwg8LJX8Bq8F",2,15,15,1
"M3QkqwsGG89cfZHwg8LJX8Bq8F",3,24,25,0
"M3QkqwsGG89cfZHwg8LJX8Bq8F",4,26,25,0
"M3QkqwsGG89cfZHwg8LJX8Bq8F",5,20,20,1
"M3QkqwsGG89cfZHwg8LJX8Bq8F",6,3,3,1
"M3QkqwsGG89cfZHwg8LJX8Bq8F",7,25,25,1
"M3QkqwsGG89cfZHwg8LJX8Bq8F",8,40,40,1
"M3QkqwsGG89cfZHwg8LJX8Bq8F",9,10,20,0
"M3QkqwsGG89cfZHwg8LJX8Bq8F",10,4,3,0
"M3QkqwsGG89cfZHwg8LJX8Bq8F",11,4,2,0
"M3QkqwsGG89cfZHwg8LJX8Bq8F",12,2,2,1
"M3QkqwsGG89cfZHwg8LJX8Bq8F",13,5,5,1
"oeHqGz00MABds0ueuvAhHv2B7f",1,35,35,1
"oeHqGz00MABds0ueuvAhHv2B7f",2,15,15,1
"oeHqGz00MABds0ueuvAhHv2B7f",3,25,25,1
"oeHqGz00MABds0ueuvAhHv2B7f",4,25,25,1
"oeHqGz00MABds0ueuvAhHv2B7f",5,20,20,1
"oeHqGz00MABds0ueuvAhHv2B7f",6,3,3,1
"oeHqGz00MABds0ueuvAhHv2B7f",7,24.5,25,0
"oeHqGz00MABds0ueuvAhHv2B7f",8,40,40,1
"oeHqGz00MABds0ueuvAhHv2B7f",9,20,20,1
"oeHqGz00MABds0ueuvAhHv2B7f",10,3,3,1
"oeHqGz00MABds0ueuvAhHv2B7f",11,2,2,1
"oeHqGz00MABds0ueuvAhHv2B7f",12,2,2,1
"oeHqGz00MABds0ueuvAhHv2B7f",13,5,5,1
"MNyIE31KbTEqCZOUsiD7W0U3Fe",1,20,35,0
"MNyIE31KbTEqCZOUsiD7W0U3Fe",2,30,15,0
"MNyIE31KbTEqCZOUsiD7W0U3Fe",3,50,25,0
"MNyIE31KbTEqCZOUsiD7W0U3Fe",4,50,25,0
"MNyIE31KbTEqCZOUsiD7W0U3Fe",5,20,20,1
"MNyIE31KbTEqCZOUsiD7W0U3Fe",6,3,3,1
"MNyIE31KbTEqCZOUsiD7W0U3Fe",7,25,25,1
"MNyIE31KbTEqCZOUsiD7W0U3Fe",8,40,40,1
"MNyIE31KbTEqCZOUsiD7W0U3Fe",9,30,20,0
"MNyIE31KbTEqCZOUsiD7W0U3Fe",10,1,3,0
"MNyIE31KbTEqCZOUsiD7W0U3Fe",11,NA,2,NA
"MNyIE31KbTEqCZOUsiD7W0U3Fe",12,NA,2,NA
"MNyIE31KbTEqCZOUsiD7W0U3Fe",13,NA,5,NA
"F1jX5a1fyhOmMSGGJ09OiO1Fjy",1,35,35,1
"F1jX5a1fyhOmMSGGJ09OiO1Fjy",2,15,15,1
"F1jX5a1fyhOmMSGGJ09OiO1Fjy",3,25,25,1
"F1jX5a1fyhOmMSGGJ09OiO1Fjy",4,25,25,1
"F1jX5a1fyhOmMSGGJ09OiO1Fjy",5,20,20,1
"F1jX5a1fyhOmMSGGJ09OiO1Fjy",6,3,3,1
"F1jX5a1fyhOmMSGGJ09OiO1Fjy",7,25,25,1
"F1jX5a1fyhOmMSGGJ09OiO1Fjy",8,40,40,1
"F1jX5a1fyhOmMSGGJ09OiO1Fjy",9,20,20,1
"F1jX5a1fyhOmMSGGJ09OiO1Fjy",10,3,3,1
"F1jX5a1fyhOmMSGGJ09OiO1Fjy",11,4,2,0
"F1jX5a1fyhOmMSGGJ09OiO1Fjy",12,2,2,1
"F1jX5a1fyhOmMSGGJ09OiO1Fjy",13,5,5,1
"XyLJWymItQkYtW0DIEV6NehQSR",1,35,35,1
"XyLJWymItQkYtW0DIEV6NehQSR",2,15,15,1
"XyLJWymItQkYtW0DIEV6NehQSR",3,25,25,1
"XyLJWymItQkYtW0DIEV6NehQSR",4,25,25,1
"XyLJWymItQkYtW0DIEV6NehQSR",5,20,20,1
"XyLJWymItQkYtW0DIEV6NehQSR",6,3,3,1
"XyLJWymItQkYtW0DIEV6NehQSR",7,24,25,0
"XyLJWymItQkYtW0DIEV6NehQSR",8,40,40,1
"XyLJWymItQkYtW0DIEV6NehQSR",9,10,20,0
"XyLJWymItQkYtW0DIEV6NehQSR",10,3,3,1
"XyLJWymItQkYtW0DIEV6NehQSR",11,4,2,0
"XyLJWymItQkYtW0DIEV6NehQSR",12,2,2,1
"XyLJWymItQkYtW0DIEV6NehQSR",13,5,5,1
"gAE2vR87PHDrVwMvMSPhZ6AYWV",1,35,35,1
"gAE2vR87PHDrVwMvMSPhZ6AYWV",2,5,15,0
"gAE2vR87PHDrVwMvMSPhZ6AYWV",3,25,25,1
"gAE2vR87PHDrVwMvMSPhZ6AYWV",4,25,25,1
"gAE2vR87PHDrVwMvMSPhZ6AYWV",5,20,20,1
"gAE2vR87PHDrVwMvMSPhZ6AYWV",6,3,3,1
"gAE2vR87PHDrVwMvMSPhZ6AYWV",7,25,25,1
"gAE2vR87PHDrVwMvMSPhZ6AYWV",8,40,40,1
"gAE2vR87PHDrVwMvMSPhZ6AYWV",9,60,20,0
"gAE2vR87PHDrVwMvMSPhZ6AYWV",10,1,3,0
"gAE2vR87PHDrVwMvMSPhZ6AYWV",11,2,2,1
"gAE2vR87PHDrVwMvMSPhZ6AYWV",12,2,2,1
"gAE2vR87PHDrVwMvMSPhZ6AYWV",13,5,5,1
"44xwQio3fW3tYg3htRNjpHY5VQ",1,35,35,1
"44xwQio3fW3tYg3htRNjpHY5VQ",2,15,15,1
"44xwQio3fW3tYg3htRNjpHY5VQ",3,25,25,1
"44xwQio3fW3tYg3htRNjpHY5VQ",4,25,25,1
"44xwQio3fW3tYg3htRNjpHY5VQ",5,20,20,1
"44xwQio3fW3tYg3htRNjpHY5VQ",6,3,3,1
"44xwQio3fW3tYg3htRNjpHY5VQ",7,29,25,0
"44xwQio3fW3tYg3htRNjpHY5VQ",8,40,40,1
"44xwQio3fW3tYg3htRNjpHY5VQ",9,20,20,1
"44xwQio3fW3tYg3htRNjpHY5VQ",10,3,3,1
"44xwQio3fW3tYg3htRNjpHY5VQ",11,4,2,0
"44xwQio3fW3tYg3htRNjpHY5VQ",12,2,2,1
"44xwQio3fW3tYg3htRNjpHY5VQ",13,50,5,0
"p5bY6MRaajBlnoMdRAvyO5gMIh",1,35,35,1
"p5bY6MRaajBlnoMdRAvyO5gMIh",2,15,15,1
"p5bY6MRaajBlnoMdRAvyO5gMIh",3,25,25,1
"p5bY6MRaajBlnoMdRAvyO5gMIh",4,25,25,1
"p5bY6MRaajBlnoMdRAvyO5gMIh",5,20,20,1
"p5bY6MRaajBlnoMdRAvyO5gMIh",6,3,3,1
"p5bY6MRaajBlnoMdRAvyO5gMIh",7,26,25,0
"p5bY6MRaajBlnoMdRAvyO5gMIh",8,40,40,1
"p5bY6MRaajBlnoMdRAvyO5gMIh",9,20,20,1
"p5bY6MRaajBlnoMdRAvyO5gMIh",10,3,3,1
"p5bY6MRaajBlnoMdRAvyO5gMIh",11,2,2,1
"p5bY6MRaajBlnoMdRAvyO5gMIh",12,NA,2,NA
"p5bY6MRaajBlnoMdRAvyO5gMIh",13,NA,5,NA
"KUD1kf6hnb3NShner2z1iesdGV",1,35,35,1
"KUD1kf6hnb3NShner2z1iesdGV",2,15,15,1
"KUD1kf6hnb3NShner2z1iesdGV",3,25,25,1
"KUD1kf6hnb3NShner2z1iesdGV",4,25,25,1
"KUD1kf6hnb3NShner2z1iesdGV",5,20,20,1
"KUD1kf6hnb3NShner2z1iesdGV",6,3,3,1
"KUD1kf6hnb3NShner2z1iesdGV",7,25,25,1
"KUD1kf6hnb3NShner2z1iesdGV",8,40,40,1
"KUD1kf6hnb3NShner2z1iesdGV",9,20,20,1
"KUD1kf6hnb3NShner2z1iesdGV",10,3,3,1
"KUD1kf6hnb3NShner2z1iesdGV",11,2,2,1
"KUD1kf6hnb3NShner2z1iesdGV",12,2,2,1
"KUD1kf6hnb3NShner2z1iesdGV",13,5,5,1
"la8x8AdnYUHaEan01UUEsEl0S7",1,35,35,1
"la8x8AdnYUHaEan01UUEsEl0S7",2,15,15,1
"la8x8AdnYUHaEan01UUEsEl0S7",3,25,25,1
"la8x8AdnYUHaEan01UUEsEl0S7",4,25,25,1
"la8x8AdnYUHaEan01UUEsEl0S7",5,20,20,1
"la8x8AdnYUHaEan01UUEsEl0S7",6,3,3,1
"la8x8AdnYUHaEan01UUEsEl0S7",7,25,25,1
"la8x8AdnYUHaEan01UUEsEl0S7",8,40,40,1
"la8x8AdnYUHaEan01UUEsEl0S7",9,20,20,1
"la8x8AdnYUHaEan01UUEsEl0S7",10,3,3,1
"la8x8AdnYUHaEan01UUEsEl0S7",11,NA,2,NA
"la8x8AdnYUHaEan01UUEsEl0S7",12,NA,2,NA
"la8x8AdnYUHaEan01UUEsEl0S7",13,NA,5,NA
"CftPJFR3yijEMNwpuvLEHE8vV1",1,35,35,1
"CftPJFR3yijEMNwpuvLEHE8vV1",2,15,15,1
"CftPJFR3yijEMNwpuvLEHE8vV1",3,50,25,0
"CftPJFR3yijEMNwpuvLEHE8vV1",4,20,25,0
"CftPJFR3yijEMNwpuvLEHE8vV1",5,15.5,20,0
"CftPJFR3yijEMNwpuvLEHE8vV1",6,4,3,0
"CftPJFR3yijEMNwpuvLEHE8vV1",7,25,25,1
"CftPJFR3yijEMNwpuvLEHE8vV1",8,60,40,0
"CftPJFR3yijEMNwpuvLEHE8vV1",9,40,20,0
"CftPJFR3yijEMNwpuvLEHE8vV1",10,1,3,0
"CftPJFR3yijEMNwpuvLEHE8vV1",11,NA,2,NA
"CftPJFR3yijEMNwpuvLEHE8vV1",12,NA,2,NA
"CftPJFR3yijEMNwpuvLEHE8vV1",13,NA,5,NA
"a19rHSdiFVGUooGIpt4JTlm8rU",1,35,35,1
"a19rHSdiFVGUooGIpt4JTlm8rU",2,15,15,1
"a19rHSdiFVGUooGIpt4JTlm8rU",3,25,25,1
"a19rHSdiFVGUooGIpt4JTlm8rU",4,25,25,1
"a19rHSdiFVGUooGIpt4JTlm8rU",5,20,20,1
"a19rHSdiFVGUooGIpt4JTlm8rU",6,3,3,1
"a19rHSdiFVGUooGIpt4JTlm8rU",7,25,25,1
"a19rHSdiFVGUooGIpt4JTlm8rU",8,40,40,1
"a19rHSdiFVGUooGIpt4JTlm8rU",9,10,20,0
"a19rHSdiFVGUooGIpt4JTlm8rU",10,3,3,1
"a19rHSdiFVGUooGIpt4JTlm8rU",11,4,2,0
"a19rHSdiFVGUooGIpt4JTlm8rU",12,2,2,1
"a19rHSdiFVGUooGIpt4JTlm8rU",13,5,5,1
"1ZpoTHwtV5ZupDMh0yOraaMYTG",1,35,35,1
"1ZpoTHwtV5ZupDMh0yOraaMYTG",2,15,15,1
"1ZpoTHwtV5ZupDMh0yOraaMYTG",3,25,25,1
"1ZpoTHwtV5ZupDMh0yOraaMYTG",4,25,25,1
"1ZpoTHwtV5ZupDMh0yOraaMYTG",5,20,20,1
"1ZpoTHwtV5ZupDMh0yOraaMYTG",6,3,3,1
"1ZpoTHwtV5ZupDMh0yOraaMYTG",7,24,25,0
"1ZpoTHwtV5ZupDMh0yOraaMYTG",8,40,40,1
"1ZpoTHwtV5ZupDMh0yOraaMYTG",9,20,20,1
"1ZpoTHwtV5ZupDMh0yOraaMYTG",10,3,3,1
"1ZpoTHwtV5ZupDMh0yOraaMYTG",11,4,2,0
"1ZpoTHwtV5ZupDMh0yOraaMYTG",12,2,2,1
"1ZpoTHwtV5ZupDMh0yOraaMYTG",13,5,5,1
"3RiQtKgue68aiSeE0OqmSYWM5a",1,35,35,1
"3RiQtKgue68aiSeE0OqmSYWM5a",2,10,15,0
"3RiQtKgue68aiSeE0OqmSYWM5a",3,25,25,1
"3RiQtKgue68aiSeE0OqmSYWM5a",4,25,25,1
"3RiQtKgue68aiSeE0OqmSYWM5a",5,20,20,1
"3RiQtKgue68aiSeE0OqmSYWM5a",6,1,3,0
"3RiQtKgue68aiSeE0OqmSYWM5a",7,25,25,1
"3RiQtKgue68aiSeE0OqmSYWM5a",8,40,40,1
"3RiQtKgue68aiSeE0OqmSYWM5a",9,20,20,1
"3RiQtKgue68aiSeE0OqmSYWM5a",10,1,3,0
"3RiQtKgue68aiSeE0OqmSYWM5a",11,2,2,1
"3RiQtKgue68aiSeE0OqmSYWM5a",12,2,2,1
"3RiQtKgue68aiSeE0OqmSYWM5a",13,5,5,1
"nPHlI0wMezMlr4dlNlYp3MfY8E",1,35,35,1
"nPHlI0wMezMlr4dlNlYp3MfY8E",2,15,15,1
"nPHlI0wMezMlr4dlNlYp3MfY8E",3,25,25,1
"nPHlI0wMezMlr4dlNlYp3MfY8E",4,25,25,1
"nPHlI0wMezMlr4dlNlYp3MfY8E",5,20,20,1
"nPHlI0wMezMlr4dlNlYp3MfY8E",6,3,3,1
"nPHlI0wMezMlr4dlNlYp3MfY8E",7,25,25,1
"nPHlI0wMezMlr4dlNlYp3MfY8E",8,40,40,1
"nPHlI0wMezMlr4dlNlYp3MfY8E",9,20,20,1
"nPHlI0wMezMlr4dlNlYp3MfY8E",10,3,3,1
"nPHlI0wMezMlr4dlNlYp3MfY8E",11,2,2,1
"nPHlI0wMezMlr4dlNlYp3MfY8E",12,1,2,0
"nPHlI0wMezMlr4dlNlYp3MfY8E",13,5,5,1
"4OtEHqpMuSDZL9IlNUTQwhtVKj",1,35,35,1
"4OtEHqpMuSDZL9IlNUTQwhtVKj",2,15,15,1
"4OtEHqpMuSDZL9IlNUTQwhtVKj",3,25,25,1
"4OtEHqpMuSDZL9IlNUTQwhtVKj",4,25,25,1
"4OtEHqpMuSDZL9IlNUTQwhtVKj",5,20,20,1
"4OtEHqpMuSDZL9IlNUTQwhtVKj",6,3,3,1
"4OtEHqpMuSDZL9IlNUTQwhtVKj",7,25,25,1
"4OtEHqpMuSDZL9IlNUTQwhtVKj",8,40,40,1
"4OtEHqpMuSDZL9IlNUTQwhtVKj",9,20,20,1
"4OtEHqpMuSDZL9IlNUTQwhtVKj",10,3,3,1
"4OtEHqpMuSDZL9IlNUTQwhtVKj",11,4,2,0
"4OtEHqpMuSDZL9IlNUTQwhtVKj",12,2,2,1
"4OtEHqpMuSDZL9IlNUTQwhtVKj",13,5,5,1
"h5ksrMHPeb25v21INaHw13aWWi",1,35,35,1
"h5ksrMHPeb25v21INaHw13aWWi",2,15,15,1
"h5ksrMHPeb25v21INaHw13aWWi",3,25,25,1
"h5ksrMHPeb25v21INaHw13aWWi",4,25,25,1
"h5ksrMHPeb25v21INaHw13aWWi",5,20,20,1
"h5ksrMHPeb25v21INaHw13aWWi",6,3,3,1
"h5ksrMHPeb25v21INaHw13aWWi",7,25,25,1
"h5ksrMHPeb25v21INaHw13aWWi",8,40,40,1
"h5ksrMHPeb25v21INaHw13aWWi",9,20,20,1
"h5ksrMHPeb25v21INaHw13aWWi",10,1,3,0
"h5ksrMHPeb25v21INaHw13aWWi",11,4,2,0
"h5ksrMHPeb25v21INaHw13aWWi",12,2,2,1
"h5ksrMHPeb25v21INaHw13aWWi",13,50,5,0
"iryqg2FDANfoL7xlBeKUYDqcKu",1,35,35,1
"iryqg2FDANfoL7xlBeKUYDqcKu",2,15,15,1
"iryqg2FDANfoL7xlBeKUYDqcKu",3,25,25,1
"iryqg2FDANfoL7xlBeKUYDqcKu",4,25,25,1
"iryqg2FDANfoL7xlBeKUYDqcKu",5,22,20,0
"iryqg2FDANfoL7xlBeKUYDqcKu",6,2,3,0
"iryqg2FDANfoL7xlBeKUYDqcKu",7,25,25,1
"iryqg2FDANfoL7xlBeKUYDqcKu",8,40,40,1
"iryqg2FDANfoL7xlBeKUYDqcKu",9,20,20,1
"iryqg2FDANfoL7xlBeKUYDqcKu",10,3,3,1
"iryqg2FDANfoL7xlBeKUYDqcKu",11,2,2,1
"iryqg2FDANfoL7xlBeKUYDqcKu",12,2,2,1
"iryqg2FDANfoL7xlBeKUYDqcKu",13,5,5,1
"tVl9wKrTWCE8Y7ijKl9xEdIaND",1,35,35,1
"tVl9wKrTWCE8Y7ijKl9xEdIaND",2,15,15,1
"tVl9wKrTWCE8Y7ijKl9xEdIaND",3,25,25,1
"tVl9wKrTWCE8Y7ijKl9xEdIaND",4,25,25,1
"tVl9wKrTWCE8Y7ijKl9xEdIaND",5,20,20,1
"tVl9wKrTWCE8Y7ijKl9xEdIaND",6,3,3,1
"tVl9wKrTWCE8Y7ijKl9xEdIaND",7,25,25,1
"tVl9wKrTWCE8Y7ijKl9xEdIaND",8,40,40,1
"tVl9wKrTWCE8Y7ijKl9xEdIaND",9,60,20,0
"tVl9wKrTWCE8Y7ijKl9xEdIaND",10,2,3,0
"tVl9wKrTWCE8Y7ijKl9xEdIaND",11,2,2,1
"tVl9wKrTWCE8Y7ijKl9xEdIaND",12,2,2,1
"tVl9wKrTWCE8Y7ijKl9xEdIaND",13,5,5,1
"YJ63tjptRqcgtWZK5dl5LsZEXS",1,35,35,1
"YJ63tjptRqcgtWZK5dl5LsZEXS",2,15,15,1
"YJ63tjptRqcgtWZK5dl5LsZEXS",3,25,25,1
"YJ63tjptRqcgtWZK5dl5LsZEXS",4,25,25,1
"YJ63tjptRqcgtWZK5dl5LsZEXS",5,20,20,1
"YJ63tjptRqcgtWZK5dl5LsZEXS",6,3,3,1
"YJ63tjptRqcgtWZK5dl5LsZEXS",7,25,25,1
"YJ63tjptRqcgtWZK5dl5LsZEXS",8,40,40,1
"YJ63tjptRqcgtWZK5dl5LsZEXS",9,20,20,1
"YJ63tjptRqcgtWZK5dl5LsZEXS",10,3,3,1
"YJ63tjptRqcgtWZK5dl5LsZEXS",11,4,2,0
"YJ63tjptRqcgtWZK5dl5LsZEXS",12,2,2,1
"YJ63tjptRqcgtWZK5dl5LsZEXS",13,NA,5,NA
"NCKDXsjU7cHV4OrBkf6dv3smaO",1,35,35,1
"NCKDXsjU7cHV4OrBkf6dv3smaO",2,15,15,1
"NCKDXsjU7cHV4OrBkf6dv3smaO",3,25,25,1
"NCKDXsjU7cHV4OrBkf6dv3smaO",4,25,25,1
"NCKDXsjU7cHV4OrBkf6dv3smaO",5,20,20,1
"NCKDXsjU7cHV4OrBkf6dv3smaO",6,3,3,1
"NCKDXsjU7cHV4OrBkf6dv3smaO",7,24,25,0
"NCKDXsjU7cHV4OrBkf6dv3smaO",8,40,40,1
"NCKDXsjU7cHV4OrBkf6dv3smaO",9,20,20,1
"NCKDXsjU7cHV4OrBkf6dv3smaO",10,1,3,0
"NCKDXsjU7cHV4OrBkf6dv3smaO",11,4,2,0
"NCKDXsjU7cHV4OrBkf6dv3smaO",12,2,2,1
"NCKDXsjU7cHV4OrBkf6dv3smaO",13,50,5,0
"38UmwceLQSVBDc9Bq9NbqvPOgS",1,35,35,1
"38UmwceLQSVBDc9Bq9NbqvPOgS",2,15,15,1
"38UmwceLQSVBDc9Bq9NbqvPOgS",3,25,25,1
"38UmwceLQSVBDc9Bq9NbqvPOgS",4,25,25,1
"38UmwceLQSVBDc9Bq9NbqvPOgS",5,20,20,1
"38UmwceLQSVBDc9Bq9NbqvPOgS",6,3,3,1
"38UmwceLQSVBDc9Bq9NbqvPOgS",7,25,25,1
"38UmwceLQSVBDc9Bq9NbqvPOgS",8,40,40,1
"38UmwceLQSVBDc9Bq9NbqvPOgS",9,20,20,1
"38UmwceLQSVBDc9Bq9NbqvPOgS",10,1,3,0
"38UmwceLQSVBDc9Bq9NbqvPOgS",11,4,2,0
"38UmwceLQSVBDc9Bq9NbqvPOgS",12,2,2,1
"38UmwceLQSVBDc9Bq9NbqvPOgS",13,NA,5,NA
"QriUwHaeUaMM3Ux3cw7VRWzQiC",1,35,35,1
"QriUwHaeUaMM3Ux3cw7VRWzQiC",2,15,15,1
"QriUwHaeUaMM3Ux3cw7VRWzQiC",3,25,25,1
"QriUwHaeUaMM3Ux3cw7VRWzQiC",4,25,25,1
"QriUwHaeUaMM3Ux3cw7VRWzQiC",5,20,20,1
"QriUwHaeUaMM3Ux3cw7VRWzQiC",6,3,3,1
"QriUwHaeUaMM3Ux3cw7VRWzQiC",7,25,25,1
"QriUwHaeUaMM3Ux3cw7VRWzQiC",8,40,40,1
"QriUwHaeUaMM3Ux3cw7VRWzQiC",9,20,20,1
"QriUwHaeUaMM3Ux3cw7VRWzQiC",10,3,3,1
"QriUwHaeUaMM3Ux3cw7VRWzQiC",11,2,2,1
"QriUwHaeUaMM3Ux3cw7VRWzQiC",12,2,2,1
"QriUwHaeUaMM3Ux3cw7VRWzQiC",13,5,5,1
"JSDE68T8aypcDZUKRyPMs9hgmo",1,35,35,1
"JSDE68T8aypcDZUKRyPMs9hgmo",2,5,15,0
"JSDE68T8aypcDZUKRyPMs9hgmo",3,23,25,0
"JSDE68T8aypcDZUKRyPMs9hgmo",4,26,25,0
"JSDE68T8aypcDZUKRyPMs9hgmo",5,20,20,1
"JSDE68T8aypcDZUKRyPMs9hgmo",6,3,3,1
"JSDE68T8aypcDZUKRyPMs9hgmo",7,24,25,0
"JSDE68T8aypcDZUKRyPMs9hgmo",8,40,40,1
"JSDE68T8aypcDZUKRyPMs9hgmo",9,20,20,1
"JSDE68T8aypcDZUKRyPMs9hgmo",10,3,3,1
"JSDE68T8aypcDZUKRyPMs9hgmo",11,4,2,0
"JSDE68T8aypcDZUKRyPMs9hgmo",12,2,2,1
"JSDE68T8aypcDZUKRyPMs9hgmo",13,5,5,1
"SaQlC9hE9OsuJq9ZSf2sTFXwUo",1,35,35,1
"SaQlC9hE9OsuJq9ZSf2sTFXwUo",2,15,15,1
"SaQlC9hE9OsuJq9ZSf2sTFXwUo",3,25,25,1
"SaQlC9hE9OsuJq9ZSf2sTFXwUo",4,25,25,1
"SaQlC9hE9OsuJq9ZSf2sTFXwUo",5,20,20,1
"SaQlC9hE9OsuJq9ZSf2sTFXwUo",6,3,3,1
"SaQlC9hE9OsuJq9ZSf2sTFXwUo",7,24,25,0
"SaQlC9hE9OsuJq9ZSf2sTFXwUo",8,60,40,0
"SaQlC9hE9OsuJq9ZSf2sTFXwUo",9,20,20,1
"SaQlC9hE9OsuJq9ZSf2sTFXwUo",10,3,3,1
"SaQlC9hE9OsuJq9ZSf2sTFXwUo",11,2,2,1
"SaQlC9hE9OsuJq9ZSf2sTFXwUo",12,2,2,1
"SaQlC9hE9OsuJq9ZSf2sTFXwUo",13,5,5,1
"sTAZtqFJCtX8uoGNdvJTzcZ3qt",1,35,35,1
"sTAZtqFJCtX8uoGNdvJTzcZ3qt",2,15,15,1
"sTAZtqFJCtX8uoGNdvJTzcZ3qt",3,25,25,1
"sTAZtqFJCtX8uoGNdvJTzcZ3qt",4,25,25,1
"sTAZtqFJCtX8uoGNdvJTzcZ3qt",5,20,20,1
"sTAZtqFJCtX8uoGNdvJTzcZ3qt",6,3,3,1
"sTAZtqFJCtX8uoGNdvJTzcZ3qt",7,25,25,1
"sTAZtqFJCtX8uoGNdvJTzcZ3qt",8,40,40,1
"sTAZtqFJCtX8uoGNdvJTzcZ3qt",9,20,20,1
"sTAZtqFJCtX8uoGNdvJTzcZ3qt",10,3,3,1
"sTAZtqFJCtX8uoGNdvJTzcZ3qt",11,2,2,1
"sTAZtqFJCtX8uoGNdvJTzcZ3qt",12,2,2,1
"sTAZtqFJCtX8uoGNdvJTzcZ3qt",13,50,5,0
"WSglRicKJJWdyrWzqLS3yN4nS4",1,35,35,1
"WSglRicKJJWdyrWzqLS3yN4nS4",2,20,15,0
"WSglRicKJJWdyrWzqLS3yN4nS4",3,25,25,1
"WSglRicKJJWdyrWzqLS3yN4nS4",4,25,25,1
"WSglRicKJJWdyrWzqLS3yN4nS4",5,19,20,0
"WSglRicKJJWdyrWzqLS3yN4nS4",6,3,3,1
"WSglRicKJJWdyrWzqLS3yN4nS4",7,23.5,25,0
"WSglRicKJJWdyrWzqLS3yN4nS4",8,40,40,1
"WSglRicKJJWdyrWzqLS3yN4nS4",9,10,20,0
"WSglRicKJJWdyrWzqLS3yN4nS4",10,3,3,1
"WSglRicKJJWdyrWzqLS3yN4nS4",11,4,2,0
"WSglRicKJJWdyrWzqLS3yN4nS4",12,2,2,1
"WSglRicKJJWdyrWzqLS3yN4nS4",13,5,5,1
"Tjhn6jZbe9ifvP7bbFTUKvmR8d",1,35,35,1
"Tjhn6jZbe9ifvP7bbFTUKvmR8d",2,15,15,1
"Tjhn6jZbe9ifvP7bbFTUKvmR8d",3,25,25,1
"Tjhn6jZbe9ifvP7bbFTUKvmR8d",4,25,25,1
"Tjhn6jZbe9ifvP7bbFTUKvmR8d",5,20,20,1
"Tjhn6jZbe9ifvP7bbFTUKvmR8d",6,3,3,1
"Tjhn6jZbe9ifvP7bbFTUKvmR8d",7,25,25,1
"Tjhn6jZbe9ifvP7bbFTUKvmR8d",8,40,40,1
"Tjhn6jZbe9ifvP7bbFTUKvmR8d",9,20,20,1
"Tjhn6jZbe9ifvP7bbFTUKvmR8d",10,1,3,0
"Tjhn6jZbe9ifvP7bbFTUKvmR8d",11,2,2,1
"Tjhn6jZbe9ifvP7bbFTUKvmR8d",12,NA,2,NA
"Tjhn6jZbe9ifvP7bbFTUKvmR8d",13,NA,5,NA
"RfOzfLl5wItGscTg2HtbDw8R2B",1,35,35,1
"RfOzfLl5wItGscTg2HtbDw8R2B",2,15,15,1
"RfOzfLl5wItGscTg2HtbDw8R2B",3,48,25,0
"RfOzfLl5wItGscTg2HtbDw8R2B",4,52,25,0
"RfOzfLl5wItGscTg2HtbDw8R2B",5,20,20,1
"RfOzfLl5wItGscTg2HtbDw8R2B",6,1,3,0
"RfOzfLl5wItGscTg2HtbDw8R2B",7,25,25,1
"RfOzfLl5wItGscTg2HtbDw8R2B",8,40,40,1
"RfOzfLl5wItGscTg2HtbDw8R2B",9,60,20,0
"RfOzfLl5wItGscTg2HtbDw8R2B",10,1,3,0
"RfOzfLl5wItGscTg2HtbDw8R2B",11,2,2,1
"RfOzfLl5wItGscTg2HtbDw8R2B",12,2,2,1
"RfOzfLl5wItGscTg2HtbDw8R2B",13,5,5,1
"oDPrb4oB7ChKhHdu1LOUMcjzfF",1,35,35,1
"oDPrb4oB7ChKhHdu1LOUMcjzfF",2,15,15,1
"oDPrb4oB7ChKhHdu1LOUMcjzfF",3,25,25,1
"oDPrb4oB7ChKhHdu1LOUMcjzfF",4,25,25,1
"oDPrb4oB7ChKhHdu1LOUMcjzfF",5,20,20,1
"oDPrb4oB7ChKhHdu1LOUMcjzfF",6,3,3,1
"oDPrb4oB7ChKhHdu1LOUMcjzfF",7,23,25,0
"oDPrb4oB7ChKhHdu1LOUMcjzfF",8,40,40,1
"oDPrb4oB7ChKhHdu1LOUMcjzfF",9,20,20,1
"oDPrb4oB7ChKhHdu1LOUMcjzfF",10,2,3,0
"oDPrb4oB7ChKhHdu1LOUMcjzfF",11,2,2,1
"oDPrb4oB7ChKhHdu1LOUMcjzfF",12,2,2,1
"oDPrb4oB7ChKhHdu1LOUMcjzfF",13,7,5,0
"aD0IShYXczfagjfK4sx7mKMNTJ",1,35,35,1
"aD0IShYXczfagjfK4sx7mKMNTJ",2,15,15,1
"aD0IShYXczfagjfK4sx7mKMNTJ",3,25,25,1
"aD0IShYXczfagjfK4sx7mKMNTJ",4,25,25,1
"aD0IShYXczfagjfK4sx7mKMNTJ",5,20,20,1
"aD0IShYXczfagjfK4sx7mKMNTJ",6,3,3,1
"aD0IShYXczfagjfK4sx7mKMNTJ",7,24,25,0
"aD0IShYXczfagjfK4sx7mKMNTJ",8,40,40,1
"aD0IShYXczfagjfK4sx7mKMNTJ",9,20,20,1
"aD0IShYXczfagjfK4sx7mKMNTJ",10,3,3,1
"aD0IShYXczfagjfK4sx7mKMNTJ",11,4,2,0
"aD0IShYXczfagjfK4sx7mKMNTJ",12,2,2,1
"aD0IShYXczfagjfK4sx7mKMNTJ",13,5,5,1
"lTYUlbJy1cQafsVm9YcaiXA9XD",1,35,35,1
"lTYUlbJy1cQafsVm9YcaiXA9XD",2,15,15,1
"lTYUlbJy1cQafsVm9YcaiXA9XD",3,25,25,1
"lTYUlbJy1cQafsVm9YcaiXA9XD",4,25,25,1
"lTYUlbJy1cQafsVm9YcaiXA9XD",5,22,20,0
"lTYUlbJy1cQafsVm9YcaiXA9XD",6,3,3,1
"lTYUlbJy1cQafsVm9YcaiXA9XD",7,25,25,1
"lTYUlbJy1cQafsVm9YcaiXA9XD",8,40,40,1
"lTYUlbJy1cQafsVm9YcaiXA9XD",9,20,20,1
"lTYUlbJy1cQafsVm9YcaiXA9XD",10,3,3,1
"lTYUlbJy1cQafsVm9YcaiXA9XD",11,4,2,0
"lTYUlbJy1cQafsVm9YcaiXA9XD",12,2,2,1
"lTYUlbJy1cQafsVm9YcaiXA9XD",13,5,5,1
"sIu88gQdGwPerVLw9BibV8l8i7",1,35,35,1
"sIu88gQdGwPerVLw9BibV8l8i7",2,10,15,0
"sIu88gQdGwPerVLw9BibV8l8i7",3,25,25,1
"sIu88gQdGwPerVLw9BibV8l8i7",4,25,25,1
"sIu88gQdGwPerVLw9BibV8l8i7",5,20,20,1
"sIu88gQdGwPerVLw9BibV8l8i7",6,3,3,1
"sIu88gQdGwPerVLw9BibV8l8i7",7,25,25,1
"sIu88gQdGwPerVLw9BibV8l8i7",8,40,40,1
"sIu88gQdGwPerVLw9BibV8l8i7",9,20,20,1
"sIu88gQdGwPerVLw9BibV8l8i7",10,2,3,0
"sIu88gQdGwPerVLw9BibV8l8i7",11,2,2,1
"sIu88gQdGwPerVLw9BibV8l8i7",12,2,2,1
"sIu88gQdGwPerVLw9BibV8l8i7",13,50,5,0
"mhd9G7AKYkzOqfvmCO3sndg292",1,35,35,1
"mhd9G7AKYkzOqfvmCO3sndg292",2,15,15,1
"mhd9G7AKYkzOqfvmCO3sndg292",3,25,25,1
"mhd9G7AKYkzOqfvmCO3sndg292",4,25,25,1
"mhd9G7AKYkzOqfvmCO3sndg292",5,20,20,1
"mhd9G7AKYkzOqfvmCO3sndg292",6,3,3,1
"mhd9G7AKYkzOqfvmCO3sndg292",7,25,25,1
"mhd9G7AKYkzOqfvmCO3sndg292",8,40,40,1
"mhd9G7AKYkzOqfvmCO3sndg292",9,20,20,1
"mhd9G7AKYkzOqfvmCO3sndg292",10,3,3,1
"mhd9G7AKYkzOqfvmCO3sndg292",11,2,2,1
"mhd9G7AKYkzOqfvmCO3sndg292",12,2,2,1
"mhd9G7AKYkzOqfvmCO3sndg292",13,5,5,1
"n8PDqL1IFVXn1WZ6w0X41ZX163",1,35,35,1
"n8PDqL1IFVXn1WZ6w0X41ZX163",2,15,15,1
"n8PDqL1IFVXn1WZ6w0X41ZX163",3,25,25,1
"n8PDqL1IFVXn1WZ6w0X41ZX163",4,50,25,0
"n8PDqL1IFVXn1WZ6w0X41ZX163",5,20,20,1
"n8PDqL1IFVXn1WZ6w0X41ZX163",6,3,3,1
"n8PDqL1IFVXn1WZ6w0X41ZX163",7,24,25,0
"n8PDqL1IFVXn1WZ6w0X41ZX163",8,40,40,1
"n8PDqL1IFVXn1WZ6w0X41ZX163",9,20,20,1
"n8PDqL1IFVXn1WZ6w0X41ZX163",10,3,3,1
"n8PDqL1IFVXn1WZ6w0X41ZX163",11,2,2,1
"n8PDqL1IFVXn1WZ6w0X41ZX163",12,2,2,1
"n8PDqL1IFVXn1WZ6w0X41ZX163",13,5,5,1
"CC2biVSNgQFMIbtAYx6A2NqJAo",1,35,35,1
"CC2biVSNgQFMIbtAYx6A2NqJAo",2,15,15,1
"CC2biVSNgQFMIbtAYx6A2NqJAo",3,25,25,1
"CC2biVSNgQFMIbtAYx6A2NqJAo",4,25,25,1
"CC2biVSNgQFMIbtAYx6A2NqJAo",5,20,20,1
"CC2biVSNgQFMIbtAYx6A2NqJAo",6,1,3,0
"CC2biVSNgQFMIbtAYx6A2NqJAo",7,24,25,0
"CC2biVSNgQFMIbtAYx6A2NqJAo",8,40,40,1
"CC2biVSNgQFMIbtAYx6A2NqJAo",9,20,20,1
"CC2biVSNgQFMIbtAYx6A2NqJAo",10,3,3,1
"CC2biVSNgQFMIbtAYx6A2NqJAo",11,2,2,1
"CC2biVSNgQFMIbtAYx6A2NqJAo",12,2,2,1
"CC2biVSNgQFMIbtAYx6A2NqJAo",13,5,5,1
"85NNhQePhWcSB5Ef9IFwrwGzvx",1,35,35,1
"85NNhQePhWcSB5Ef9IFwrwGzvx",2,30,15,0
"85NNhQePhWcSB5Ef9IFwrwGzvx",3,25,25,1
"85NNhQePhWcSB5Ef9IFwrwGzvx",4,24,25,0
"85NNhQePhWcSB5Ef9IFwrwGzvx",5,20,20,1
"85NNhQePhWcSB5Ef9IFwrwGzvx",6,3,3,1
"85NNhQePhWcSB5Ef9IFwrwGzvx",7,25,25,1
"85NNhQePhWcSB5Ef9IFwrwGzvx",8,40,40,1
"85NNhQePhWcSB5Ef9IFwrwGzvx",9,10,20,0
"85NNhQePhWcSB5Ef9IFwrwGzvx",10,3,3,1
"85NNhQePhWcSB5Ef9IFwrwGzvx",11,3,2,0
"85NNhQePhWcSB5Ef9IFwrwGzvx",12,2,2,1
"85NNhQePhWcSB5Ef9IFwrwGzvx",13,5,5,1
"W59mVhF5kGd45pUCOIzlEBA0k6",1,35,35,1
"W59mVhF5kGd45pUCOIzlEBA0k6",2,5,15,0
"W59mVhF5kGd45pUCOIzlEBA0k6",3,25,25,1
"W59mVhF5kGd45pUCOIzlEBA0k6",4,25,25,1
"W59mVhF5kGd45pUCOIzlEBA0k6",5,19,20,0
"W59mVhF5kGd45pUCOIzlEBA0k6",6,3,3,1
"W59mVhF5kGd45pUCOIzlEBA0k6",7,2.5,25,0
"W59mVhF5kGd45pUCOIzlEBA0k6",8,40,40,1
"W59mVhF5kGd45pUCOIzlEBA0k6",9,20,20,1
"W59mVhF5kGd45pUCOIzlEBA0k6",10,3,3,1
"W59mVhF5kGd45pUCOIzlEBA0k6",11,2,2,1
"W59mVhF5kGd45pUCOIzlEBA0k6",12,2,2,1
"W59mVhF5kGd45pUCOIzlEBA0k6",13,50,5,0
"DCe2tkT5AzEOIPkCCBL1XSUl2o",1,35,35,1
"DCe2tkT5AzEOIPkCCBL1XSUl2o",2,15,15,1
"DCe2tkT5AzEOIPkCCBL1XSUl2o",3,25,25,1
"DCe2tkT5AzEOIPkCCBL1XSUl2o",4,25,25,1
"DCe2tkT5AzEOIPkCCBL1XSUl2o",5,20,20,1
"DCe2tkT5AzEOIPkCCBL1XSUl2o",6,3,3,1
"DCe2tkT5AzEOIPkCCBL1XSUl2o",7,25,25,1
"DCe2tkT5AzEOIPkCCBL1XSUl2o",8,40,40,1
"DCe2tkT5AzEOIPkCCBL1XSUl2o",9,10,20,0
"DCe2tkT5AzEOIPkCCBL1XSUl2o",10,1,3,0
"DCe2tkT5AzEOIPkCCBL1XSUl2o",11,2,2,1
"DCe2tkT5AzEOIPkCCBL1XSUl2o",12,2,2,1
"DCe2tkT5AzEOIPkCCBL1XSUl2o",13,5,5,1
"Np9xBdnXrqDKe1Mr2PbhL3eUe4",1,35,35,1
"Np9xBdnXrqDKe1Mr2PbhL3eUe4",2,15,15,1
"Np9xBdnXrqDKe1Mr2PbhL3eUe4",3,25,25,1
"Np9xBdnXrqDKe1Mr2PbhL3eUe4",4,25,25,1
"Np9xBdnXrqDKe1Mr2PbhL3eUe4",5,20,20,1
"Np9xBdnXrqDKe1Mr2PbhL3eUe4",6,3,3,1
"Np9xBdnXrqDKe1Mr2PbhL3eUe4",7,25,25,1
"Np9xBdnXrqDKe1Mr2PbhL3eUe4",8,40,40,1
"Np9xBdnXrqDKe1Mr2PbhL3eUe4",9,20,20,1
"Np9xBdnXrqDKe1Mr2PbhL3eUe4",10,1,3,0
"Np9xBdnXrqDKe1Mr2PbhL3eUe4",11,4,2,0
"Np9xBdnXrqDKe1Mr2PbhL3eUe4",12,2,2,1
"Np9xBdnXrqDKe1Mr2PbhL3eUe4",13,5,5,1
"WcEJzYU0i1JS6CwcuEDO43YjmG",1,35,35,1
"WcEJzYU0i1JS6CwcuEDO43YjmG",2,15,15,1
"WcEJzYU0i1JS6CwcuEDO43YjmG",3,25,25,1
"WcEJzYU0i1JS6CwcuEDO43YjmG",4,25,25,1
"WcEJzYU0i1JS6CwcuEDO43YjmG",5,20,20,1
"WcEJzYU0i1JS6CwcuEDO43YjmG",6,3,3,1
"WcEJzYU0i1JS6CwcuEDO43YjmG",7,25,25,1
"WcEJzYU0i1JS6CwcuEDO43YjmG",8,40,40,1
"WcEJzYU0i1JS6CwcuEDO43YjmG",9,20,20,1
"WcEJzYU0i1JS6CwcuEDO43YjmG",10,3,3,1
"WcEJzYU0i1JS6CwcuEDO43YjmG",11,2,2,1
"WcEJzYU0i1JS6CwcuEDO43YjmG",12,2,2,1
"WcEJzYU0i1JS6CwcuEDO43YjmG",13,50,5,0
"SaCxndCwwj1N4FnXUGloAFFobG",1,35,35,1
"SaCxndCwwj1N4FnXUGloAFFobG",2,15,15,1
"SaCxndCwwj1N4FnXUGloAFFobG",3,25,25,1
"SaCxndCwwj1N4FnXUGloAFFobG",4,25,25,1
"SaCxndCwwj1N4FnXUGloAFFobG",5,20,20,1
"SaCxndCwwj1N4FnXUGloAFFobG",6,3,3,1
"SaCxndCwwj1N4FnXUGloAFFobG",7,25,25,1
"SaCxndCwwj1N4FnXUGloAFFobG",8,40,40,1
"SaCxndCwwj1N4FnXUGloAFFobG",9,20,20,1
"SaCxndCwwj1N4FnXUGloAFFobG",10,2,3,0
"SaCxndCwwj1N4FnXUGloAFFobG",11,1,2,0
"SaCxndCwwj1N4FnXUGloAFFobG",12,2,2,1
"SaCxndCwwj1N4FnXUGloAFFobG",13,70,5,0
"xs5M9JXx5a1mSn9a7En1uZJIid",1,35,35,1
"xs5M9JXx5a1mSn9a7En1uZJIid",2,15,15,1
"xs5M9JXx5a1mSn9a7En1uZJIid",3,25,25,1
"xs5M9JXx5a1mSn9a7En1uZJIid",4,25,25,1
"xs5M9JXx5a1mSn9a7En1uZJIid",5,20,20,1
"xs5M9JXx5a1mSn9a7En1uZJIid",6,3,3,1
"xs5M9JXx5a1mSn9a7En1uZJIid",7,24,25,0
"xs5M9JXx5a1mSn9a7En1uZJIid",8,40,40,1
"xs5M9JXx5a1mSn9a7En1uZJIid",9,20,20,1
"xs5M9JXx5a1mSn9a7En1uZJIid",10,3,3,1
"xs5M9JXx5a1mSn9a7En1uZJIid",11,4,2,0
"xs5M9JXx5a1mSn9a7En1uZJIid",12,2,2,1
"xs5M9JXx5a1mSn9a7En1uZJIid",13,5,5,1
"py7jbxE4VPFG6MqqZSDhfuGTDs",1,35,35,1
"py7jbxE4VPFG6MqqZSDhfuGTDs",2,15,15,1
"py7jbxE4VPFG6MqqZSDhfuGTDs",3,25,25,1
"py7jbxE4VPFG6MqqZSDhfuGTDs",4,25,25,1
"py7jbxE4VPFG6MqqZSDhfuGTDs",5,20,20,1
"py7jbxE4VPFG6MqqZSDhfuGTDs",6,3,3,1
"py7jbxE4VPFG6MqqZSDhfuGTDs",7,24,25,0
"py7jbxE4VPFG6MqqZSDhfuGTDs",8,40,40,1
"py7jbxE4VPFG6MqqZSDhfuGTDs",9,20,20,1
"py7jbxE4VPFG6MqqZSDhfuGTDs",10,1,3,0
"py7jbxE4VPFG6MqqZSDhfuGTDs",11,2,2,1
"py7jbxE4VPFG6MqqZSDhfuGTDs",12,2,2,1
"py7jbxE4VPFG6MqqZSDhfuGTDs",13,5,5,1
"XYoAnrXUalcnsUsBaTB4h3CRRF",1,35,35,1
"XYoAnrXUalcnsUsBaTB4h3CRRF",2,15,15,1
"XYoAnrXUalcnsUsBaTB4h3CRRF",3,25,25,1
"XYoAnrXUalcnsUsBaTB4h3CRRF",4,25,25,1
"XYoAnrXUalcnsUsBaTB4h3CRRF",5,20,20,1
"XYoAnrXUalcnsUsBaTB4h3CRRF",6,3,3,1
"XYoAnrXUalcnsUsBaTB4h3CRRF",7,27,25,0
"XYoAnrXUalcnsUsBaTB4h3CRRF",8,40,40,1
"XYoAnrXUalcnsUsBaTB4h3CRRF",9,20,20,1
"XYoAnrXUalcnsUsBaTB4h3CRRF",10,NA,3,NA
"XYoAnrXUalcnsUsBaTB4h3CRRF",11,NA,2,NA
"XYoAnrXUalcnsUsBaTB4h3CRRF",12,NA,2,NA
"XYoAnrXUalcnsUsBaTB4h3CRRF",13,NA,5,NA
"7Lo50E1KVghqWLVlE2E9UJwEs3",1,35,35,1
"7Lo50E1KVghqWLVlE2E9UJwEs3",2,15,15,1
"7Lo50E1KVghqWLVlE2E9UJwEs3",3,25,25,1
"7Lo50E1KVghqWLVlE2E9UJwEs3",4,25,25,1
"7Lo50E1KVghqWLVlE2E9UJwEs3",5,20,20,1
"7Lo50E1KVghqWLVlE2E9UJwEs3",6,3,3,1
"7Lo50E1KVghqWLVlE2E9UJwEs3",7,25,25,1
"7Lo50E1KVghqWLVlE2E9UJwEs3",8,40,40,1
"7Lo50E1KVghqWLVlE2E9UJwEs3",9,20,20,1
"7Lo50E1KVghqWLVlE2E9UJwEs3",10,3,3,1
"7Lo50E1KVghqWLVlE2E9UJwEs3",11,4,2,0
"7Lo50E1KVghqWLVlE2E9UJwEs3",12,2,2,1
"7Lo50E1KVghqWLVlE2E9UJwEs3",13,5,5,1
"xZW1wy9omocnP9BGw5v4I2ogM8",1,35,35,1
"xZW1wy9omocnP9BGw5v4I2ogM8",2,15,15,1
"xZW1wy9omocnP9BGw5v4I2ogM8",3,25,25,1
"xZW1wy9omocnP9BGw5v4I2ogM8",4,25,25,1
"xZW1wy9omocnP9BGw5v4I2ogM8",5,20,20,1
"xZW1wy9omocnP9BGw5v4I2ogM8",6,3,3,1
"xZW1wy9omocnP9BGw5v4I2ogM8",7,254,25,0
"xZW1wy9omocnP9BGw5v4I2ogM8",8,40,40,1
"xZW1wy9omocnP9BGw5v4I2ogM8",9,20,20,1
"xZW1wy9omocnP9BGw5v4I2ogM8",10,4,3,0
"xZW1wy9omocnP9BGw5v4I2ogM8",11,2,2,1
"xZW1wy9omocnP9BGw5v4I2ogM8",12,2,2,1
"xZW1wy9omocnP9BGw5v4I2ogM8",13,50,5,0
"ymgenUEBtOds3Drr2Ca6mdi0RU",1,35,35,1
"ymgenUEBtOds3Drr2Ca6mdi0RU",2,10,15,0
"ymgenUEBtOds3Drr2Ca6mdi0RU",3,25,25,1
"ymgenUEBtOds3Drr2Ca6mdi0RU",4,25,25,1
"ymgenUEBtOds3Drr2Ca6mdi0RU",5,20,20,1
"ymgenUEBtOds3Drr2Ca6mdi0RU",6,3,3,1
"ymgenUEBtOds3Drr2Ca6mdi0RU",7,24,25,0
"ymgenUEBtOds3Drr2Ca6mdi0RU",8,40,40,1
"ymgenUEBtOds3Drr2Ca6mdi0RU",9,10,20,0
"ymgenUEBtOds3Drr2Ca6mdi0RU",10,2,3,0
"ymgenUEBtOds3Drr2Ca6mdi0RU",11,2,2,1
"ymgenUEBtOds3Drr2Ca6mdi0RU",12,2,2,1
"ymgenUEBtOds3Drr2Ca6mdi0RU",13,5,5,1
"wOISDZ8vBL1ppIeW2045LrerkE",1,35,35,1
"wOISDZ8vBL1ppIeW2045LrerkE",2,5,15,0
"wOISDZ8vBL1ppIeW2045LrerkE",3,45,25,0
"wOISDZ8vBL1ppIeW2045LrerkE",4,45,25,0
"wOISDZ8vBL1ppIeW2045LrerkE",5,24,20,0
"wOISDZ8vBL1ppIeW2045LrerkE",6,4,3,0
"wOISDZ8vBL1ppIeW2045LrerkE",7,23,25,0
"wOISDZ8vBL1ppIeW2045LrerkE",8,46,40,0
"wOISDZ8vBL1ppIeW2045LrerkE",9,63,20,0
"wOISDZ8vBL1ppIeW2045LrerkE",10,1,3,0
"wOISDZ8vBL1ppIeW2045LrerkE",11,4,2,0
"wOISDZ8vBL1ppIeW2045LrerkE",12,1,2,0
"wOISDZ8vBL1ppIeW2045LrerkE",13,33,5,0
"eCKfWPXWkRiVuq2kkuIbx1yRGu",1,35,35,1
"eCKfWPXWkRiVuq2kkuIbx1yRGu",2,15,15,1
"eCKfWPXWkRiVuq2kkuIbx1yRGu",3,25,25,1
"eCKfWPXWkRiVuq2kkuIbx1yRGu",4,25,25,1
"eCKfWPXWkRiVuq2kkuIbx1yRGu",5,20,20,1
"eCKfWPXWkRiVuq2kkuIbx1yRGu",6,3,3,1
"eCKfWPXWkRiVuq2kkuIbx1yRGu",7,24,25,0
"eCKfWPXWkRiVuq2kkuIbx1yRGu",8,40,40,1
"eCKfWPXWkRiVuq2kkuIbx1yRGu",9,20,20,1
"eCKfWPXWkRiVuq2kkuIbx1yRGu",10,3,3,1
"eCKfWPXWkRiVuq2kkuIbx1yRGu",11,2,2,1
"eCKfWPXWkRiVuq2kkuIbx1yRGu",12,2,2,1
"eCKfWPXWkRiVuq2kkuIbx1yRGu",13,NA,5,NA
"a4Q52JjaFUDKIfJLEVZIhEE7kN",1,35,35,1
"a4Q52JjaFUDKIfJLEVZIhEE7kN",2,15,15,1
"a4Q52JjaFUDKIfJLEVZIhEE7kN",3,25,25,1
"a4Q52JjaFUDKIfJLEVZIhEE7kN",4,25,25,1
"a4Q52JjaFUDKIfJLEVZIhEE7kN",5,20,20,1
"a4Q52JjaFUDKIfJLEVZIhEE7kN",6,3,3,1
"a4Q52JjaFUDKIfJLEVZIhEE7kN",7,25,25,1
"a4Q52JjaFUDKIfJLEVZIhEE7kN",8,40,40,1
"a4Q52JjaFUDKIfJLEVZIhEE7kN",9,20,20,1
"a4Q52JjaFUDKIfJLEVZIhEE7kN",10,3,3,1
"a4Q52JjaFUDKIfJLEVZIhEE7kN",11,2,2,1
"a4Q52JjaFUDKIfJLEVZIhEE7kN",12,2,2,1
"a4Q52JjaFUDKIfJLEVZIhEE7kN",13,5,5,1
"ltoSq8KHmp8mwGFWsxU8IWO6tD",1,35,35,1
"ltoSq8KHmp8mwGFWsxU8IWO6tD",2,10,15,0
"ltoSq8KHmp8mwGFWsxU8IWO6tD",3,25,25,1
"ltoSq8KHmp8mwGFWsxU8IWO6tD",4,2520,25,0
"ltoSq8KHmp8mwGFWsxU8IWO6tD",5,20,20,1
"ltoSq8KHmp8mwGFWsxU8IWO6tD",6,3,3,1
"ltoSq8KHmp8mwGFWsxU8IWO6tD",7,24,25,0
"ltoSq8KHmp8mwGFWsxU8IWO6tD",8,40,40,1
"ltoSq8KHmp8mwGFWsxU8IWO6tD",9,20,20,1
"ltoSq8KHmp8mwGFWsxU8IWO6tD",10,1,3,0
"ltoSq8KHmp8mwGFWsxU8IWO6tD",11,2,2,1
"ltoSq8KHmp8mwGFWsxU8IWO6tD",12,2,2,1
"ltoSq8KHmp8mwGFWsxU8IWO6tD",13,5,5,1
"YJK8dIrX6UyhA3Si9oOcCZjAOY",1,35,35,1
"YJK8dIrX6UyhA3Si9oOcCZjAOY",2,15,15,1
"YJK8dIrX6UyhA3Si9oOcCZjAOY",3,25,25,1
"YJK8dIrX6UyhA3Si9oOcCZjAOY",4,25,25,1
"YJK8dIrX6UyhA3Si9oOcCZjAOY",5,20,20,1
"YJK8dIrX6UyhA3Si9oOcCZjAOY",6,3,3,1
"YJK8dIrX6UyhA3Si9oOcCZjAOY",7,24,25,0
"YJK8dIrX6UyhA3Si9oOcCZjAOY",8,40,40,1
"YJK8dIrX6UyhA3Si9oOcCZjAOY",9,20,20,1
"YJK8dIrX6UyhA3Si9oOcCZjAOY",10,3,3,1
"YJK8dIrX6UyhA3Si9oOcCZjAOY",11,4,2,0
"YJK8dIrX6UyhA3Si9oOcCZjAOY",12,2,2,1
"YJK8dIrX6UyhA3Si9oOcCZjAOY",13,5,5,1
"ShOqtka9hBXBcV86RDxKNKbUvv",1,35,35,1
"ShOqtka9hBXBcV86RDxKNKbUvv",2,15,15,1
"ShOqtka9hBXBcV86RDxKNKbUvv",3,25,25,1
"ShOqtka9hBXBcV86RDxKNKbUvv",4,25,25,1
"ShOqtka9hBXBcV86RDxKNKbUvv",5,20,20,1
"ShOqtka9hBXBcV86RDxKNKbUvv",6,3,3,1
"ShOqtka9hBXBcV86RDxKNKbUvv",7,25,25,1
"ShOqtka9hBXBcV86RDxKNKbUvv",8,40,40,1
"ShOqtka9hBXBcV86RDxKNKbUvv",9,20,20,1
"ShOqtka9hBXBcV86RDxKNKbUvv",10,3,3,1
"ShOqtka9hBXBcV86RDxKNKbUvv",11,2,2,1
"ShOqtka9hBXBcV86RDxKNKbUvv",12,2,2,1
"ShOqtka9hBXBcV86RDxKNKbUvv",13,5,5,1
"B0Ql7N8xcM4tYXiFxu1XuUpbgP",1,35,35,1
"B0Ql7N8xcM4tYXiFxu1XuUpbgP",2,15,15,1
"B0Ql7N8xcM4tYXiFxu1XuUpbgP",3,25,25,1
"B0Ql7N8xcM4tYXiFxu1XuUpbgP",4,25,25,1
"B0Ql7N8xcM4tYXiFxu1XuUpbgP",5,19,20,0
"B0Ql7N8xcM4tYXiFxu1XuUpbgP",6,3,3,1
"B0Ql7N8xcM4tYXiFxu1XuUpbgP",7,25,25,1
"B0Ql7N8xcM4tYXiFxu1XuUpbgP",8,40,40,1
"B0Ql7N8xcM4tYXiFxu1XuUpbgP",9,60,20,0
"B0Ql7N8xcM4tYXiFxu1XuUpbgP",10,1,3,0
"B0Ql7N8xcM4tYXiFxu1XuUpbgP",11,2,2,1
"B0Ql7N8xcM4tYXiFxu1XuUpbgP",12,2,2,1
"B0Ql7N8xcM4tYXiFxu1XuUpbgP",13,5,5,1
"kf9NAQaqzk77HcPbq0DI2ga0AG",1,35,35,1
"kf9NAQaqzk77HcPbq0DI2ga0AG",2,10,15,0
"kf9NAQaqzk77HcPbq0DI2ga0AG",3,25,25,1
"kf9NAQaqzk77HcPbq0DI2ga0AG",4,10,25,0
"kf9NAQaqzk77HcPbq0DI2ga0AG",5,20,20,1
"kf9NAQaqzk77HcPbq0DI2ga0AG",6,3,3,1
"kf9NAQaqzk77HcPbq0DI2ga0AG",7,25,25,1
"kf9NAQaqzk77HcPbq0DI2ga0AG",8,40,40,1
"kf9NAQaqzk77HcPbq0DI2ga0AG",9,20,20,1
"kf9NAQaqzk77HcPbq0DI2ga0AG",10,3,3,1
"kf9NAQaqzk77HcPbq0DI2ga0AG",11,3,2,0
"kf9NAQaqzk77HcPbq0DI2ga0AG",12,2,2,1
"kf9NAQaqzk77HcPbq0DI2ga0AG",13,7,5,0
"ej51TZSS31SzLdNOEOsvRfqW94",1,35,35,1
"ej51TZSS31SzLdNOEOsvRfqW94",2,15,15,1
"ej51TZSS31SzLdNOEOsvRfqW94",3,25,25,1
"ej51TZSS31SzLdNOEOsvRfqW94",4,25,25,1
"ej51TZSS31SzLdNOEOsvRfqW94",5,20,20,1
"ej51TZSS31SzLdNOEOsvRfqW94",6,2,3,0
"ej51TZSS31SzLdNOEOsvRfqW94",7,24,25,0
"ej51TZSS31SzLdNOEOsvRfqW94",8,40,40,1
"ej51TZSS31SzLdNOEOsvRfqW94",9,20,20,1
"ej51TZSS31SzLdNOEOsvRfqW94",10,1,3,0
"ej51TZSS31SzLdNOEOsvRfqW94",11,2,2,1
"ej51TZSS31SzLdNOEOsvRfqW94",12,1,2,0
"ej51TZSS31SzLdNOEOsvRfqW94",13,50,5,0
"sfSsH6WXHt4x9DkL6MOfvTpgni",1,35,35,1
"sfSsH6WXHt4x9DkL6MOfvTpgni",2,15,15,1
"sfSsH6WXHt4x9DkL6MOfvTpgni",3,25,25,1
"sfSsH6WXHt4x9DkL6MOfvTpgni",4,25,25,1
"sfSsH6WXHt4x9DkL6MOfvTpgni",5,20,20,1
"sfSsH6WXHt4x9DkL6MOfvTpgni",6,3,3,1
"sfSsH6WXHt4x9DkL6MOfvTpgni",7,25,25,1
"sfSsH6WXHt4x9DkL6MOfvTpgni",8,40,40,1
"sfSsH6WXHt4x9DkL6MOfvTpgni",9,20,20,1
"sfSsH6WXHt4x9DkL6MOfvTpgni",10,1,3,0
"sfSsH6WXHt4x9DkL6MOfvTpgni",11,2,2,1
"sfSsH6WXHt4x9DkL6MOfvTpgni",12,2,2,1
"sfSsH6WXHt4x9DkL6MOfvTpgni",13,50,5,0
"Mw8OshkcRay9bkaPYocdIKTc6S",1,35,35,1
"Mw8OshkcRay9bkaPYocdIKTc6S",2,15,15,1
"Mw8OshkcRay9bkaPYocdIKTc6S",3,24,25,0
"Mw8OshkcRay9bkaPYocdIKTc6S",4,25,25,1
"Mw8OshkcRay9bkaPYocdIKTc6S",5,20,20,1
"Mw8OshkcRay9bkaPYocdIKTc6S",6,3,3,1
"Mw8OshkcRay9bkaPYocdIKTc6S",7,25,25,1
"Mw8OshkcRay9bkaPYocdIKTc6S",8,40,40,1
"Mw8OshkcRay9bkaPYocdIKTc6S",9,20,20,1
"Mw8OshkcRay9bkaPYocdIKTc6S",10,3,3,1
"Mw8OshkcRay9bkaPYocdIKTc6S",11,4,2,0
"Mw8OshkcRay9bkaPYocdIKTc6S",12,2,2,1
"Mw8OshkcRay9bkaPYocdIKTc6S",13,50,5,0
"tQ5OKZAAc3cxuXpc6pc61fNUez",1,35,35,1
"tQ5OKZAAc3cxuXpc6pc61fNUez",2,15,15,1
"tQ5OKZAAc3cxuXpc6pc61fNUez",3,25,25,1
"tQ5OKZAAc3cxuXpc6pc61fNUez",4,25,25,1
"tQ5OKZAAc3cxuXpc6pc61fNUez",5,20,20,1
"tQ5OKZAAc3cxuXpc6pc61fNUez",6,3,3,1
"tQ5OKZAAc3cxuXpc6pc61fNUez",7,24,25,0
"tQ5OKZAAc3cxuXpc6pc61fNUez",8,40,40,1
"tQ5OKZAAc3cxuXpc6pc61fNUez",9,20,20,1
"tQ5OKZAAc3cxuXpc6pc61fNUez",10,3,3,1
"tQ5OKZAAc3cxuXpc6pc61fNUez",11,2,2,1
"tQ5OKZAAc3cxuXpc6pc61fNUez",12,2,2,1
"tQ5OKZAAc3cxuXpc6pc61fNUez",13,5,5,1
"2HP5i426Yn85eYrxkfzNiY2Hnh",1,35,35,1
"2HP5i426Yn85eYrxkfzNiY2Hnh",2,1525,15,0
"2HP5i426Yn85eYrxkfzNiY2Hnh",3,25,25,1
"2HP5i426Yn85eYrxkfzNiY2Hnh",4,25,25,1
"2HP5i426Yn85eYrxkfzNiY2Hnh",5,20,20,1
"2HP5i426Yn85eYrxkfzNiY2Hnh",6,3,3,1
"2HP5i426Yn85eYrxkfzNiY2Hnh",7,25,25,1
"2HP5i426Yn85eYrxkfzNiY2Hnh",8,40,40,1
"2HP5i426Yn85eYrxkfzNiY2Hnh",9,60,20,0
"2HP5i426Yn85eYrxkfzNiY2Hnh",10,3,3,1
"2HP5i426Yn85eYrxkfzNiY2Hnh",11,2,2,1
"2HP5i426Yn85eYrxkfzNiY2Hnh",12,2,2,1
"2HP5i426Yn85eYrxkfzNiY2Hnh",13,5,5,1
"kYrqtLvACktr7uDAUd4x7Qg9X5",1,35,35,1
"kYrqtLvACktr7uDAUd4x7Qg9X5",2,15,15,1
"kYrqtLvACktr7uDAUd4x7Qg9X5",3,25,25,1
"kYrqtLvACktr7uDAUd4x7Qg9X5",4,25,25,1
"kYrqtLvACktr7uDAUd4x7Qg9X5",5,20,20,1
"kYrqtLvACktr7uDAUd4x7Qg9X5",6,3,3,1
"kYrqtLvACktr7uDAUd4x7Qg9X5",7,25,25,1
"kYrqtLvACktr7uDAUd4x7Qg9X5",8,40,40,1
"kYrqtLvACktr7uDAUd4x7Qg9X5",9,20,20,1
"kYrqtLvACktr7uDAUd4x7Qg9X5",10,2,3,0
"kYrqtLvACktr7uDAUd4x7Qg9X5",11,2,2,1
"kYrqtLvACktr7uDAUd4x7Qg9X5",12,2,2,1
"kYrqtLvACktr7uDAUd4x7Qg9X5",13,5,5,1
"mAJ6Q8hXkk3N36SATgPIaTluPr",1,35,35,1
"mAJ6Q8hXkk3N36SATgPIaTluPr",2,30,15,0
"mAJ6Q8hXkk3N36SATgPIaTluPr",3,50,25,0
"mAJ6Q8hXkk3N36SATgPIaTluPr",4,50,25,0
"mAJ6Q8hXkk3N36SATgPIaTluPr",5,20,20,1
"mAJ6Q8hXkk3N36SATgPIaTluPr",6,2,3,0
"mAJ6Q8hXkk3N36SATgPIaTluPr",7,25,25,1
"mAJ6Q8hXkk3N36SATgPIaTluPr",8,40,40,1
"mAJ6Q8hXkk3N36SATgPIaTluPr",9,20,20,1
"mAJ6Q8hXkk3N36SATgPIaTluPr",10,1,3,0
"mAJ6Q8hXkk3N36SATgPIaTluPr",11,2,2,1
"mAJ6Q8hXkk3N36SATgPIaTluPr",12,1,2,0
"mAJ6Q8hXkk3N36SATgPIaTluPr",13,50,5,0
"lQXvpDsk81UCBfymYedDgwuBk4",1,35,35,1
"lQXvpDsk81UCBfymYedDgwuBk4",2,15,15,1
"lQXvpDsk81UCBfymYedDgwuBk4",3,25,25,1
"lQXvpDsk81UCBfymYedDgwuBk4",4,25,25,1
"lQXvpDsk81UCBfymYedDgwuBk4",5,19,20,0
"lQXvpDsk81UCBfymYedDgwuBk4",6,3,3,1
"lQXvpDsk81UCBfymYedDgwuBk4",7,24,25,0
"lQXvpDsk81UCBfymYedDgwuBk4",8,40,40,1
"lQXvpDsk81UCBfymYedDgwuBk4",9,60,20,0
"lQXvpDsk81UCBfymYedDgwuBk4",10,4,3,0
"lQXvpDsk81UCBfymYedDgwuBk4",11,2,2,1
"lQXvpDsk81UCBfymYedDgwuBk4",12,2,2,1
"lQXvpDsk81UCBfymYedDgwuBk4",13,50,5,0
"3QLtxVOUyNYm5U3Keh4K9HgkQT",1,35,35,1
"3QLtxVOUyNYm5U3Keh4K9HgkQT",2,15,15,1
"3QLtxVOUyNYm5U3Keh4K9HgkQT",3,25,25,1
"3QLtxVOUyNYm5U3Keh4K9HgkQT",4,25,25,1
"3QLtxVOUyNYm5U3Keh4K9HgkQT",5,20,20,1
"3QLtxVOUyNYm5U3Keh4K9HgkQT",6,3,3,1
"3QLtxVOUyNYm5U3Keh4K9HgkQT",7,25,25,1
"3QLtxVOUyNYm5U3Keh4K9HgkQT",8,40,40,1
"3QLtxVOUyNYm5U3Keh4K9HgkQT",9,20,20,1
"3QLtxVOUyNYm5U3Keh4K9HgkQT",10,3,3,1
"3QLtxVOUyNYm5U3Keh4K9HgkQT",11,4,2,0
"3QLtxVOUyNYm5U3Keh4K9HgkQT",12,2,2,1
"3QLtxVOUyNYm5U3Keh4K9HgkQT",13,50,5,0
"QAcxnX5whLezD6eIXggzl4ullf",1,35,35,1
"QAcxnX5whLezD6eIXggzl4ullf",2,1525,15,0
"QAcxnX5whLezD6eIXggzl4ullf",3,25,25,1
"QAcxnX5whLezD6eIXggzl4ullf",4,25,25,1
"QAcxnX5whLezD6eIXggzl4ullf",5,20,20,1
"QAcxnX5whLezD6eIXggzl4ullf",6,3,3,1
"QAcxnX5whLezD6eIXggzl4ullf",7,25,25,1
"QAcxnX5whLezD6eIXggzl4ullf",8,40,40,1
"QAcxnX5whLezD6eIXggzl4ullf",9,20,20,1
"QAcxnX5whLezD6eIXggzl4ullf",10,3,3,1
"QAcxnX5whLezD6eIXggzl4ullf",11,2,2,1
"QAcxnX5whLezD6eIXggzl4ullf",12,2,2,1
"QAcxnX5whLezD6eIXggzl4ullf",13,5,5,1
"oYAkY64ZPxVP8jZXPLzoWR1TIF",1,35,35,1
"oYAkY64ZPxVP8jZXPLzoWR1TIF",2,15,15,1
"oYAkY64ZPxVP8jZXPLzoWR1TIF",3,25,25,1
"oYAkY64ZPxVP8jZXPLzoWR1TIF",4,25,25,1
"oYAkY64ZPxVP8jZXPLzoWR1TIF",5,20,20,1
"oYAkY64ZPxVP8jZXPLzoWR1TIF",6,1,3,0
"oYAkY64ZPxVP8jZXPLzoWR1TIF",7,26,25,0
"oYAkY64ZPxVP8jZXPLzoWR1TIF",8,40,40,1
"oYAkY64ZPxVP8jZXPLzoWR1TIF",9,20,20,1
"oYAkY64ZPxVP8jZXPLzoWR1TIF",10,1,3,0
"oYAkY64ZPxVP8jZXPLzoWR1TIF",11,2,2,1
"oYAkY64ZPxVP8jZXPLzoWR1TIF",12,2,2,1
"oYAkY64ZPxVP8jZXPLzoWR1TIF",13,50,5,0
"i5UFDkXnaRVysYE6L1vvl2d9bc",1,35,35,1
"i5UFDkXnaRVysYE6L1vvl2d9bc",2,15,15,1
"i5UFDkXnaRVysYE6L1vvl2d9bc",3,25,25,1
"i5UFDkXnaRVysYE6L1vvl2d9bc",4,25,25,1
"i5UFDkXnaRVysYE6L1vvl2d9bc",5,20,20,1
"i5UFDkXnaRVysYE6L1vvl2d9bc",6,2,3,0
"i5UFDkXnaRVysYE6L1vvl2d9bc",7,24,25,0
"i5UFDkXnaRVysYE6L1vvl2d9bc",8,40,40,1
"i5UFDkXnaRVysYE6L1vvl2d9bc",9,20,20,1
"i5UFDkXnaRVysYE6L1vvl2d9bc",10,3,3,1
"i5UFDkXnaRVysYE6L1vvl2d9bc",11,2,2,1
"i5UFDkXnaRVysYE6L1vvl2d9bc",12,2,2,1
"i5UFDkXnaRVysYE6L1vvl2d9bc",13,5,5,1
"iaPzG0A5rMoHOvJtyXEIWXHKDL",1,35,35,1
"iaPzG0A5rMoHOvJtyXEIWXHKDL",2,15,15,1
"iaPzG0A5rMoHOvJtyXEIWXHKDL",3,25,25,1
"iaPzG0A5rMoHOvJtyXEIWXHKDL",4,25,25,1
"iaPzG0A5rMoHOvJtyXEIWXHKDL",5,20,20,1
"iaPzG0A5rMoHOvJtyXEIWXHKDL",6,3,3,1
"iaPzG0A5rMoHOvJtyXEIWXHKDL",7,24,25,0
"iaPzG0A5rMoHOvJtyXEIWXHKDL",8,40,40,1
"iaPzG0A5rMoHOvJtyXEIWXHKDL",9,20,20,1
"iaPzG0A5rMoHOvJtyXEIWXHKDL",10,3,3,1
"iaPzG0A5rMoHOvJtyXEIWXHKDL",11,4,2,0
"iaPzG0A5rMoHOvJtyXEIWXHKDL",12,2,2,1
"iaPzG0A5rMoHOvJtyXEIWXHKDL",13,5,5,1
"WoXID0e60IrzLgZLJTAzWgmSW6",1,35,35,1
"WoXID0e60IrzLgZLJTAzWgmSW6",2,15,15,1
"WoXID0e60IrzLgZLJTAzWgmSW6",3,25,25,1
"WoXID0e60IrzLgZLJTAzWgmSW6",4,25,25,1
"WoXID0e60IrzLgZLJTAzWgmSW6",5,20,20,1
"WoXID0e60IrzLgZLJTAzWgmSW6",6,3,3,1
"WoXID0e60IrzLgZLJTAzWgmSW6",7,25,25,1
"WoXID0e60IrzLgZLJTAzWgmSW6",8,40,40,1
"WoXID0e60IrzLgZLJTAzWgmSW6",9,20,20,1
"WoXID0e60IrzLgZLJTAzWgmSW6",10,3,3,1
"WoXID0e60IrzLgZLJTAzWgmSW6",11,4,2,0
"WoXID0e60IrzLgZLJTAzWgmSW6",12,2,2,1
"WoXID0e60IrzLgZLJTAzWgmSW6",13,5,5,1
"bwAULxMY0L3SOhm8qpne9PSsQm",1,35,35,1
"bwAULxMY0L3SOhm8qpne9PSsQm",2,15,15,1
"bwAULxMY0L3SOhm8qpne9PSsQm",3,25,25,1
"bwAULxMY0L3SOhm8qpne9PSsQm",4,25,25,1
"bwAULxMY0L3SOhm8qpne9PSsQm",5,20,20,1
"bwAULxMY0L3SOhm8qpne9PSsQm",6,3,3,1
"bwAULxMY0L3SOhm8qpne9PSsQm",7,25,25,1
"bwAULxMY0L3SOhm8qpne9PSsQm",8,40,40,1
"bwAULxMY0L3SOhm8qpne9PSsQm",9,20,20,1
"bwAULxMY0L3SOhm8qpne9PSsQm",10,3,3,1
"bwAULxMY0L3SOhm8qpne9PSsQm",11,4,2,0
"bwAULxMY0L3SOhm8qpne9PSsQm",12,2,2,1
"bwAULxMY0L3SOhm8qpne9PSsQm",13,5,5,1
"h7IGMblze4pzx90AIOtKmypykJ",1,35,35,1
"h7IGMblze4pzx90AIOtKmypykJ",2,15,15,1
"h7IGMblze4pzx90AIOtKmypykJ",3,25,25,1
"h7IGMblze4pzx90AIOtKmypykJ",4,25,25,1
"h7IGMblze4pzx90AIOtKmypykJ",5,18,20,0
"h7IGMblze4pzx90AIOtKmypykJ",6,1,3,0
"h7IGMblze4pzx90AIOtKmypykJ",7,25,25,1
"h7IGMblze4pzx90AIOtKmypykJ",8,40,40,1
"h7IGMblze4pzx90AIOtKmypykJ",9,20,20,1
"h7IGMblze4pzx90AIOtKmypykJ",10,3,3,1
"h7IGMblze4pzx90AIOtKmypykJ",11,2,2,1
"h7IGMblze4pzx90AIOtKmypykJ",12,3,2,0
"h7IGMblze4pzx90AIOtKmypykJ",13,5,5,1
"RG5rAKXpPZmVtoqMNOtz3ueiqJ",1,35,35,1
"RG5rAKXpPZmVtoqMNOtz3ueiqJ",2,15,15,1
"RG5rAKXpPZmVtoqMNOtz3ueiqJ",3,25,25,1
"RG5rAKXpPZmVtoqMNOtz3ueiqJ",4,25,25,1
"RG5rAKXpPZmVtoqMNOtz3ueiqJ",5,20,20,1
"RG5rAKXpPZmVtoqMNOtz3ueiqJ",6,3,3,1
"RG5rAKXpPZmVtoqMNOtz3ueiqJ",7,25,25,1
"RG5rAKXpPZmVtoqMNOtz3ueiqJ",8,40,40,1
"RG5rAKXpPZmVtoqMNOtz3ueiqJ",9,20,20,1
"RG5rAKXpPZmVtoqMNOtz3ueiqJ",10,3,3,1
"RG5rAKXpPZmVtoqMNOtz3ueiqJ",11,4,2,0
"RG5rAKXpPZmVtoqMNOtz3ueiqJ",12,2,2,1
"RG5rAKXpPZmVtoqMNOtz3ueiqJ",13,5,5,1
"WHXNDeR81qN9QnztFhsE8rEyGB",1,35,35,1
"WHXNDeR81qN9QnztFhsE8rEyGB",2,15,15,1
"WHXNDeR81qN9QnztFhsE8rEyGB",3,25,25,1
"WHXNDeR81qN9QnztFhsE8rEyGB",4,25,25,1
"WHXNDeR81qN9QnztFhsE8rEyGB",5,20,20,1
"WHXNDeR81qN9QnztFhsE8rEyGB",6,3,3,1
"WHXNDeR81qN9QnztFhsE8rEyGB",7,25,25,1
"WHXNDeR81qN9QnztFhsE8rEyGB",8,40,40,1
"WHXNDeR81qN9QnztFhsE8rEyGB",9,10,20,0
"WHXNDeR81qN9QnztFhsE8rEyGB",10,3,3,1
"WHXNDeR81qN9QnztFhsE8rEyGB",11,NA,2,NA
"WHXNDeR81qN9QnztFhsE8rEyGB",12,NA,2,NA
"WHXNDeR81qN9QnztFhsE8rEyGB",13,NA,5,NA
"FRfSS395qilOmE8PV7CzzzunT4",1,35,35,1
"FRfSS395qilOmE8PV7CzzzunT4",2,15,15,1
"FRfSS395qilOmE8PV7CzzzunT4",3,25,25,1
"FRfSS395qilOmE8PV7CzzzunT4",4,25,25,1
"FRfSS395qilOmE8PV7CzzzunT4",5,20,20,1
"FRfSS395qilOmE8PV7CzzzunT4",6,3,3,1
"FRfSS395qilOmE8PV7CzzzunT4",7,24,25,0
"FRfSS395qilOmE8PV7CzzzunT4",8,40,40,1
"FRfSS395qilOmE8PV7CzzzunT4",9,20,20,1
"FRfSS395qilOmE8PV7CzzzunT4",10,3,3,1
"FRfSS395qilOmE8PV7CzzzunT4",11,4,2,0
"FRfSS395qilOmE8PV7CzzzunT4",12,2,2,1
"FRfSS395qilOmE8PV7CzzzunT4",13,5,5,1
"MZD1woFNVuMp7ONLMtXW39RH56",1,35,35,1
"MZD1woFNVuMp7ONLMtXW39RH56",2,15,15,1
"MZD1woFNVuMp7ONLMtXW39RH56",3,25,25,1
"MZD1woFNVuMp7ONLMtXW39RH56",4,25,25,1
"MZD1woFNVuMp7ONLMtXW39RH56",5,20,20,1
"MZD1woFNVuMp7ONLMtXW39RH56",6,3,3,1
"MZD1woFNVuMp7ONLMtXW39RH56",7,25,25,1
"MZD1woFNVuMp7ONLMtXW39RH56",8,40,40,1
"MZD1woFNVuMp7ONLMtXW39RH56",9,20,20,1
"MZD1woFNVuMp7ONLMtXW39RH56",10,3,3,1
"MZD1woFNVuMp7ONLMtXW39RH56",11,2,2,1
"MZD1woFNVuMp7ONLMtXW39RH56",12,2,2,1
"MZD1woFNVuMp7ONLMtXW39RH56",13,5,5,1
"fdhE1rz3Dp82IqkvQoJzNgeKnK",1,35,35,1
"fdhE1rz3Dp82IqkvQoJzNgeKnK",2,75,15,0
"fdhE1rz3Dp82IqkvQoJzNgeKnK",3,25,25,1
"fdhE1rz3Dp82IqkvQoJzNgeKnK",4,25,25,1
"fdhE1rz3Dp82IqkvQoJzNgeKnK",5,75,20,0
"fdhE1rz3Dp82IqkvQoJzNgeKnK",6,2,3,0
"fdhE1rz3Dp82IqkvQoJzNgeKnK",7,75,25,0
"fdhE1rz3Dp82IqkvQoJzNgeKnK",8,40,40,1
"fdhE1rz3Dp82IqkvQoJzNgeKnK",9,20,20,1
"fdhE1rz3Dp82IqkvQoJzNgeKnK",10,1,3,0
"fdhE1rz3Dp82IqkvQoJzNgeKnK",11,2,2,1
"fdhE1rz3Dp82IqkvQoJzNgeKnK",12,2,2,1
"fdhE1rz3Dp82IqkvQoJzNgeKnK",13,5,5,1
"Yrjye41coTNZrLhSpwCKRX0Xx9",1,NA,35,NA
"Yrjye41coTNZrLhSpwCKRX0Xx9",2,NA,15,NA
"Yrjye41coTNZrLhSpwCKRX0Xx9",3,NA,25,NA
"Yrjye41coTNZrLhSpwCKRX0Xx9",4,NA,25,NA
"Yrjye41coTNZrLhSpwCKRX0Xx9",5,NA,20,NA
"Yrjye41coTNZrLhSpwCKRX0Xx9",6,NA,3,NA
"Yrjye41coTNZrLhSpwCKRX0Xx9",7,NA,25,NA
"Yrjye41coTNZrLhSpwCKRX0Xx9",8,NA,40,NA
"Yrjye41coTNZrLhSpwCKRX0Xx9",9,NA,20,NA
"Yrjye41coTNZrLhSpwCKRX0Xx9",10,NA,3,NA
"Yrjye41coTNZrLhSpwCKRX0Xx9",11,NA,2,NA
"Yrjye41coTNZrLhSpwCKRX0Xx9",12,NA,2,NA
"Yrjye41coTNZrLhSpwCKRX0Xx9",13,NA,5,NA
"ismtccbpw2J4d0HWHTJoHAvohW",1,35,35,1
"ismtccbpw2J4d0HWHTJoHAvohW",2,15,15,1
"ismtccbpw2J4d0HWHTJoHAvohW",3,25,25,1
"ismtccbpw2J4d0HWHTJoHAvohW",4,25,25,1
"ismtccbpw2J4d0HWHTJoHAvohW",5,20,20,1
"ismtccbpw2J4d0HWHTJoHAvohW",6,3,3,1
"ismtccbpw2J4d0HWHTJoHAvohW",7,25,25,1
"ismtccbpw2J4d0HWHTJoHAvohW",8,40,40,1
"ismtccbpw2J4d0HWHTJoHAvohW",9,60,20,0
"ismtccbpw2J4d0HWHTJoHAvohW",10,3,3,1
"ismtccbpw2J4d0HWHTJoHAvohW",11,2,2,1
"ismtccbpw2J4d0HWHTJoHAvohW",12,2,2,1
"ismtccbpw2J4d0HWHTJoHAvohW",13,5,5,1
"2fpXdYtjQfN3Qk8xQsh2fxhxut",1,35,35,1
"2fpXdYtjQfN3Qk8xQsh2fxhxut",2,15,15,1
"2fpXdYtjQfN3Qk8xQsh2fxhxut",3,25,25,1
"2fpXdYtjQfN3Qk8xQsh2fxhxut",4,25,25,1
"2fpXdYtjQfN3Qk8xQsh2fxhxut",5,20,20,1
"2fpXdYtjQfN3Qk8xQsh2fxhxut",6,3,3,1
"2fpXdYtjQfN3Qk8xQsh2fxhxut",7,24,25,0
"2fpXdYtjQfN3Qk8xQsh2fxhxut",8,40,40,1
"2fpXdYtjQfN3Qk8xQsh2fxhxut",9,20,20,1
"2fpXdYtjQfN3Qk8xQsh2fxhxut",10,3,3,1
"2fpXdYtjQfN3Qk8xQsh2fxhxut",11,4,2,0
"2fpXdYtjQfN3Qk8xQsh2fxhxut",12,2,2,1
"2fpXdYtjQfN3Qk8xQsh2fxhxut",13,5,5,1
"fQmMgbOfbpK6PH8CaDh057lGp7",1,35,35,1
"fQmMgbOfbpK6PH8CaDh057lGp7",2,15,15,1
"fQmMgbOfbpK6PH8CaDh057lGp7",3,25,25,1
"fQmMgbOfbpK6PH8CaDh057lGp7",4,35,25,0
"fQmMgbOfbpK6PH8CaDh057lGp7",5,20,20,1
"fQmMgbOfbpK6PH8CaDh057lGp7",6,4,3,0
"fQmMgbOfbpK6PH8CaDh057lGp7",7,25,25,1
"fQmMgbOfbpK6PH8CaDh057lGp7",8,25,40,0
"fQmMgbOfbpK6PH8CaDh057lGp7",9,20,20,1
"fQmMgbOfbpK6PH8CaDh057lGp7",10,2,3,0
"fQmMgbOfbpK6PH8CaDh057lGp7",11,2,2,1
"fQmMgbOfbpK6PH8CaDh057lGp7",12,NA,2,NA
"fQmMgbOfbpK6PH8CaDh057lGp7",13,NA,5,NA
"4dJPVMak0QqVxygHG63Xpuqvwh",1,35,35,1
"4dJPVMak0QqVxygHG63Xpuqvwh",2,15,15,1
"4dJPVMak0QqVxygHG63Xpuqvwh",3,25,25,1
"4dJPVMak0QqVxygHG63Xpuqvwh",4,25,25,1
"4dJPVMak0QqVxygHG63Xpuqvwh",5,20,20,1
"4dJPVMak0QqVxygHG63Xpuqvwh",6,3,3,1
"4dJPVMak0QqVxygHG63Xpuqvwh",7,25,25,1
"4dJPVMak0QqVxygHG63Xpuqvwh",8,40,40,1
"4dJPVMak0QqVxygHG63Xpuqvwh",9,20,20,1
"4dJPVMak0QqVxygHG63Xpuqvwh",10,1,3,0
"4dJPVMak0QqVxygHG63Xpuqvwh",11,2,2,1
"4dJPVMak0QqVxygHG63Xpuqvwh",12,2,2,1
"4dJPVMak0QqVxygHG63Xpuqvwh",13,50,5,0
"oyxOR55cQDXeapBsc3fZaDDO3f",1,35,35,1
"oyxOR55cQDXeapBsc3fZaDDO3f",2,15,15,1
"oyxOR55cQDXeapBsc3fZaDDO3f",3,25,25,1
"oyxOR55cQDXeapBsc3fZaDDO3f",4,25,25,1
"oyxOR55cQDXeapBsc3fZaDDO3f",5,20,20,1
"oyxOR55cQDXeapBsc3fZaDDO3f",6,3,3,1
"oyxOR55cQDXeapBsc3fZaDDO3f",7,25,25,1
"oyxOR55cQDXeapBsc3fZaDDO3f",8,40,40,1
"oyxOR55cQDXeapBsc3fZaDDO3f",9,20,20,1
"oyxOR55cQDXeapBsc3fZaDDO3f",10,1,3,0
"oyxOR55cQDXeapBsc3fZaDDO3f",11,NA,2,NA
"oyxOR55cQDXeapBsc3fZaDDO3f",12,NA,2,NA
"oyxOR55cQDXeapBsc3fZaDDO3f",13,NA,5,NA
"p0OTM2UYxRVodD2GSjMf9yFcnz",1,35,35,1
"p0OTM2UYxRVodD2GSjMf9yFcnz",2,15,15,1
"p0OTM2UYxRVodD2GSjMf9yFcnz",3,25,25,1
"p0OTM2UYxRVodD2GSjMf9yFcnz",4,25,25,1
"p0OTM2UYxRVodD2GSjMf9yFcnz",5,20,20,1
"p0OTM2UYxRVodD2GSjMf9yFcnz",6,3,3,1
"p0OTM2UYxRVodD2GSjMf9yFcnz",7,25,25,1
"p0OTM2UYxRVodD2GSjMf9yFcnz",8,40,40,1
"p0OTM2UYxRVodD2GSjMf9yFcnz",9,20,20,1
"p0OTM2UYxRVodD2GSjMf9yFcnz",10,1,3,0
"p0OTM2UYxRVodD2GSjMf9yFcnz",11,2,2,1
"p0OTM2UYxRVodD2GSjMf9yFcnz",12,2,2,1
"p0OTM2UYxRVodD2GSjMf9yFcnz",13,5,5,1
"00hs52Bbsn97IZqlMWL5L34PAd",1,35,35,1
"00hs52Bbsn97IZqlMWL5L34PAd",2,15,15,1
"00hs52Bbsn97IZqlMWL5L34PAd",3,25,25,1
"00hs52Bbsn97IZqlMWL5L34PAd",4,25,25,1
"00hs52Bbsn97IZqlMWL5L34PAd",5,20,20,1
"00hs52Bbsn97IZqlMWL5L34PAd",6,3,3,1
"00hs52Bbsn97IZqlMWL5L34PAd",7,25,25,1
"00hs52Bbsn97IZqlMWL5L34PAd",8,40,40,1
"00hs52Bbsn97IZqlMWL5L34PAd",9,20,20,1
"00hs52Bbsn97IZqlMWL5L34PAd",10,3,3,1
"00hs52Bbsn97IZqlMWL5L34PAd",11,2,2,1
"00hs52Bbsn97IZqlMWL5L34PAd",12,2,2,1
"00hs52Bbsn97IZqlMWL5L34PAd",13,5,5,1
"cecdLfxnB55fgLGIzDEOJiuPx8",1,35,35,1
"cecdLfxnB55fgLGIzDEOJiuPx8",2,15,15,1
"cecdLfxnB55fgLGIzDEOJiuPx8",3,25,25,1
"cecdLfxnB55fgLGIzDEOJiuPx8",4,25,25,1
"cecdLfxnB55fgLGIzDEOJiuPx8",5,20,20,1
"cecdLfxnB55fgLGIzDEOJiuPx8",6,3,3,1
"cecdLfxnB55fgLGIzDEOJiuPx8",7,24,25,0
"cecdLfxnB55fgLGIzDEOJiuPx8",8,40,40,1
"cecdLfxnB55fgLGIzDEOJiuPx8",9,20,20,1
"cecdLfxnB55fgLGIzDEOJiuPx8",10,1,3,0
"cecdLfxnB55fgLGIzDEOJiuPx8",11,2,2,1
"cecdLfxnB55fgLGIzDEOJiuPx8",12,2,2,1
"cecdLfxnB55fgLGIzDEOJiuPx8",13,5,5,1
"PiVOIcvagidsK5l1Jo32CvWCDk",1,35,35,1
"PiVOIcvagidsK5l1Jo32CvWCDk",2,15,15,1
"PiVOIcvagidsK5l1Jo32CvWCDk",3,25,25,1
"PiVOIcvagidsK5l1Jo32CvWCDk",4,25,25,1
"PiVOIcvagidsK5l1Jo32CvWCDk",5,20,20,1
"PiVOIcvagidsK5l1Jo32CvWCDk",6,3,3,1
"PiVOIcvagidsK5l1Jo32CvWCDk",7,25,25,1
"PiVOIcvagidsK5l1Jo32CvWCDk",8,40,40,1
"PiVOIcvagidsK5l1Jo32CvWCDk",9,20,20,1
"PiVOIcvagidsK5l1Jo32CvWCDk",10,3,3,1
"PiVOIcvagidsK5l1Jo32CvWCDk",11,2,2,1
"PiVOIcvagidsK5l1Jo32CvWCDk",12,2,2,1
"PiVOIcvagidsK5l1Jo32CvWCDk",13,50,5,0
"8Zam9ZRwmYBDh7uymhdQsveTtU",1,35,35,1
"8Zam9ZRwmYBDh7uymhdQsveTtU",2,15,15,1
"8Zam9ZRwmYBDh7uymhdQsveTtU",3,25,25,1
"8Zam9ZRwmYBDh7uymhdQsveTtU",4,25,25,1
"8Zam9ZRwmYBDh7uymhdQsveTtU",5,20,20,1
"8Zam9ZRwmYBDh7uymhdQsveTtU",6,3,3,1
"8Zam9ZRwmYBDh7uymhdQsveTtU",7,25,25,1
"8Zam9ZRwmYBDh7uymhdQsveTtU",8,40,40,1
"8Zam9ZRwmYBDh7uymhdQsveTtU",9,20,20,1
"8Zam9ZRwmYBDh7uymhdQsveTtU",10,1,3,0
"8Zam9ZRwmYBDh7uymhdQsveTtU",11,NA,2,NA
"8Zam9ZRwmYBDh7uymhdQsveTtU",12,NA,2,NA
"8Zam9ZRwmYBDh7uymhdQsveTtU",13,NA,5,NA
"WCd7WuXM5laqFwhC1fq8CDJ3s1",1,35,35,1
"WCd7WuXM5laqFwhC1fq8CDJ3s1",2,15,15,1
"WCd7WuXM5laqFwhC1fq8CDJ3s1",3,25,25,1
"WCd7WuXM5laqFwhC1fq8CDJ3s1",4,25,25,1
"WCd7WuXM5laqFwhC1fq8CDJ3s1",5,20,20,1
"WCd7WuXM5laqFwhC1fq8CDJ3s1",6,3,3,1
"WCd7WuXM5laqFwhC1fq8CDJ3s1",7,25,25,1
"WCd7WuXM5laqFwhC1fq8CDJ3s1",8,40,40,1
"WCd7WuXM5laqFwhC1fq8CDJ3s1",9,20,20,1
"WCd7WuXM5laqFwhC1fq8CDJ3s1",10,3,3,1
"WCd7WuXM5laqFwhC1fq8CDJ3s1",11,2,2,1
"WCd7WuXM5laqFwhC1fq8CDJ3s1",12,2,2,1
"WCd7WuXM5laqFwhC1fq8CDJ3s1",13,5,5,1
"bmhjSWCElfJkv1iNryr7i8Hq2t",1,35,35,1
"bmhjSWCElfJkv1iNryr7i8Hq2t",2,10,15,0
"bmhjSWCElfJkv1iNryr7i8Hq2t",3,25,25,1
"bmhjSWCElfJkv1iNryr7i8Hq2t",4,25,25,1
"bmhjSWCElfJkv1iNryr7i8Hq2t",5,19,20,0
"bmhjSWCElfJkv1iNryr7i8Hq2t",6,3,3,1
"bmhjSWCElfJkv1iNryr7i8Hq2t",7,25,25,1
"bmhjSWCElfJkv1iNryr7i8Hq2t",8,40,40,1
"bmhjSWCElfJkv1iNryr7i8Hq2t",9,20,20,1
"bmhjSWCElfJkv1iNryr7i8Hq2t",10,3,3,1
"bmhjSWCElfJkv1iNryr7i8Hq2t",11,2,2,1
"bmhjSWCElfJkv1iNryr7i8Hq2t",12,2,2,1
"bmhjSWCElfJkv1iNryr7i8Hq2t",13,5,5,1
"BsXe2qxOoxxCWSfGzsns5QCbpN",1,35,35,1
"BsXe2qxOoxxCWSfGzsns5QCbpN",2,15,15,1
"BsXe2qxOoxxCWSfGzsns5QCbpN",3,25,25,1
"BsXe2qxOoxxCWSfGzsns5QCbpN",4,25,25,1
"BsXe2qxOoxxCWSfGzsns5QCbpN",5,20,20,1
"BsXe2qxOoxxCWSfGzsns5QCbpN",6,NA,3,NA
"BsXe2qxOoxxCWSfGzsns5QCbpN",7,25,25,1
"BsXe2qxOoxxCWSfGzsns5QCbpN",8,40,40,1
"BsXe2qxOoxxCWSfGzsns5QCbpN",9,60,20,0
"BsXe2qxOoxxCWSfGzsns5QCbpN",10,1,3,0
"BsXe2qxOoxxCWSfGzsns5QCbpN",11,2,2,1
"BsXe2qxOoxxCWSfGzsns5QCbpN",12,2,2,1
"BsXe2qxOoxxCWSfGzsns5QCbpN",13,NA,5,NA
"K2DYK1M7sDrx5DFRGqGNzfbkn0",1,35,35,1
"K2DYK1M7sDrx5DFRGqGNzfbkn0",2,15,15,1
"K2DYK1M7sDrx5DFRGqGNzfbkn0",3,25,25,1
"K2DYK1M7sDrx5DFRGqGNzfbkn0",4,25,25,1
"K2DYK1M7sDrx5DFRGqGNzfbkn0",5,20,20,1
"K2DYK1M7sDrx5DFRGqGNzfbkn0",6,3,3,1
"K2DYK1M7sDrx5DFRGqGNzfbkn0",7,25,25,1
"K2DYK1M7sDrx5DFRGqGNzfbkn0",8,40,40,1
"K2DYK1M7sDrx5DFRGqGNzfbkn0",9,20,20,1
"K2DYK1M7sDrx5DFRGqGNzfbkn0",10,3,3,1
"K2DYK1M7sDrx5DFRGqGNzfbkn0",11,2,2,1
"K2DYK1M7sDrx5DFRGqGNzfbkn0",12,2,2,1
"K2DYK1M7sDrx5DFRGqGNzfbkn0",13,5,5,1
"8O8iQgMPix5Q8zrbV1BgUkyYVl",1,35,35,1
"8O8iQgMPix5Q8zrbV1BgUkyYVl",2,10,15,0
"8O8iQgMPix5Q8zrbV1BgUkyYVl",3,25,25,1
"8O8iQgMPix5Q8zrbV1BgUkyYVl",4,25,25,1
"8O8iQgMPix5Q8zrbV1BgUkyYVl",5,20,20,1
"8O8iQgMPix5Q8zrbV1BgUkyYVl",6,3,3,1
"8O8iQgMPix5Q8zrbV1BgUkyYVl",7,25,25,1
"8O8iQgMPix5Q8zrbV1BgUkyYVl",8,40,40,1
"8O8iQgMPix5Q8zrbV1BgUkyYVl",9,20,20,1
"8O8iQgMPix5Q8zrbV1BgUkyYVl",10,3,3,1
"8O8iQgMPix5Q8zrbV1BgUkyYVl",11,2,2,1
"8O8iQgMPix5Q8zrbV1BgUkyYVl",12,2,2,1
"8O8iQgMPix5Q8zrbV1BgUkyYVl",13,5,5,1
"A0WuBnHZLp76C0fbYcoC3sEmWc",1,35,35,1
"A0WuBnHZLp76C0fbYcoC3sEmWc",2,15,15,1
"A0WuBnHZLp76C0fbYcoC3sEmWc",3,25,25,1
"A0WuBnHZLp76C0fbYcoC3sEmWc",4,25,25,1
"A0WuBnHZLp76C0fbYcoC3sEmWc",5,20,20,1
"A0WuBnHZLp76C0fbYcoC3sEmWc",6,3,3,1
"A0WuBnHZLp76C0fbYcoC3sEmWc",7,25,25,1
"A0WuBnHZLp76C0fbYcoC3sEmWc",8,40,40,1
"A0WuBnHZLp76C0fbYcoC3sEmWc",9,60,20,0
"A0WuBnHZLp76C0fbYcoC3sEmWc",10,3,3,1
"A0WuBnHZLp76C0fbYcoC3sEmWc",11,4,2,0
"A0WuBnHZLp76C0fbYcoC3sEmWc",12,2,2,1
"A0WuBnHZLp76C0fbYcoC3sEmWc",13,50,5,0
"I6b92yXgrhcb0WaJZq2JqLZK48",1,35,35,1
"I6b92yXgrhcb0WaJZq2JqLZK48",2,10,15,0
"I6b92yXgrhcb0WaJZq2JqLZK48",3,25,25,1
"I6b92yXgrhcb0WaJZq2JqLZK48",4,25,25,1
"I6b92yXgrhcb0WaJZq2JqLZK48",5,20,20,1
"I6b92yXgrhcb0WaJZq2JqLZK48",6,3,3,1
"I6b92yXgrhcb0WaJZq2JqLZK48",7,24,25,0
"I6b92yXgrhcb0WaJZq2JqLZK48",8,40,40,1
"I6b92yXgrhcb0WaJZq2JqLZK48",9,20,20,1
"I6b92yXgrhcb0WaJZq2JqLZK48",10,3,3,1
"I6b92yXgrhcb0WaJZq2JqLZK48",11,2,2,1
"I6b92yXgrhcb0WaJZq2JqLZK48",12,2,2,1
"I6b92yXgrhcb0WaJZq2JqLZK48",13,5,5,1
"AUwBJrzZaVOulPZV1Qu2YC95SI",1,35,35,1
"AUwBJrzZaVOulPZV1Qu2YC95SI",2,5,15,0
"AUwBJrzZaVOulPZV1Qu2YC95SI",3,25,25,1
"AUwBJrzZaVOulPZV1Qu2YC95SI",4,25,25,1
"AUwBJrzZaVOulPZV1Qu2YC95SI",5,20,20,1
"AUwBJrzZaVOulPZV1Qu2YC95SI",6,3,3,1
"AUwBJrzZaVOulPZV1Qu2YC95SI",7,25,25,1
"AUwBJrzZaVOulPZV1Qu2YC95SI",8,40,40,1
"AUwBJrzZaVOulPZV1Qu2YC95SI",9,20,20,1
"AUwBJrzZaVOulPZV1Qu2YC95SI",10,1,3,0
"AUwBJrzZaVOulPZV1Qu2YC95SI",11,4,2,0
"AUwBJrzZaVOulPZV1Qu2YC95SI",12,2,2,1
"AUwBJrzZaVOulPZV1Qu2YC95SI",13,5,5,1
"Unu0wt7jHTNY17L6gp3Y8VzQqz",1,35,35,1
"Unu0wt7jHTNY17L6gp3Y8VzQqz",2,15,15,1
"Unu0wt7jHTNY17L6gp3Y8VzQqz",3,25,25,1
"Unu0wt7jHTNY17L6gp3Y8VzQqz",4,25,25,1
"Unu0wt7jHTNY17L6gp3Y8VzQqz",5,20,20,1
"Unu0wt7jHTNY17L6gp3Y8VzQqz",6,3,3,1
"Unu0wt7jHTNY17L6gp3Y8VzQqz",7,26,25,0
"Unu0wt7jHTNY17L6gp3Y8VzQqz",8,40,40,1
"Unu0wt7jHTNY17L6gp3Y8VzQqz",9,20,20,1
"Unu0wt7jHTNY17L6gp3Y8VzQqz",10,3,3,1
"Unu0wt7jHTNY17L6gp3Y8VzQqz",11,2,2,1
"Unu0wt7jHTNY17L6gp3Y8VzQqz",12,2,2,1
"Unu0wt7jHTNY17L6gp3Y8VzQqz",13,50,5,0
"QOPl6S4Wp4Kh4I8SBSWdM2imJr",1,35,35,1
"QOPl6S4Wp4Kh4I8SBSWdM2imJr",2,15,15,1
"QOPl6S4Wp4Kh4I8SBSWdM2imJr",3,25,25,1
"QOPl6S4Wp4Kh4I8SBSWdM2imJr",4,25,25,1
"QOPl6S4Wp4Kh4I8SBSWdM2imJr",5,20,20,1
"QOPl6S4Wp4Kh4I8SBSWdM2imJr",6,3,3,1
"QOPl6S4Wp4Kh4I8SBSWdM2imJr",7,25,25,1
"QOPl6S4Wp4Kh4I8SBSWdM2imJr",8,40,40,1
"QOPl6S4Wp4Kh4I8SBSWdM2imJr",9,20,20,1
"QOPl6S4Wp4Kh4I8SBSWdM2imJr",10,3,3,1
"QOPl6S4Wp4Kh4I8SBSWdM2imJr",11,4,2,0
"QOPl6S4Wp4Kh4I8SBSWdM2imJr",12,4,2,0
"QOPl6S4Wp4Kh4I8SBSWdM2imJr",13,5,5,1
"4kpnY5p9uf9CO3TAELrXdgTcjT",1,35,35,1
"4kpnY5p9uf9CO3TAELrXdgTcjT",2,15,15,1
"4kpnY5p9uf9CO3TAELrXdgTcjT",3,24,25,0
"4kpnY5p9uf9CO3TAELrXdgTcjT",4,27,25,0
"4kpnY5p9uf9CO3TAELrXdgTcjT",5,20,20,1
"4kpnY5p9uf9CO3TAELrXdgTcjT",6,2,3,0
"4kpnY5p9uf9CO3TAELrXdgTcjT",7,24,25,0
"4kpnY5p9uf9CO3TAELrXdgTcjT",8,40,40,1
"4kpnY5p9uf9CO3TAELrXdgTcjT",9,20,20,1
"4kpnY5p9uf9CO3TAELrXdgTcjT",10,1,3,0
"4kpnY5p9uf9CO3TAELrXdgTcjT",11,2,2,1
"4kpnY5p9uf9CO3TAELrXdgTcjT",12,2,2,1
"4kpnY5p9uf9CO3TAELrXdgTcjT",13,NA,5,NA
"F8I2mQ6SzJ6hj57OHOlqFXHFtC",1,35,35,1
"F8I2mQ6SzJ6hj57OHOlqFXHFtC",2,15,15,1
"F8I2mQ6SzJ6hj57OHOlqFXHFtC",3,25,25,1
"F8I2mQ6SzJ6hj57OHOlqFXHFtC",4,25,25,1
"F8I2mQ6SzJ6hj57OHOlqFXHFtC",5,20,20,1
"F8I2mQ6SzJ6hj57OHOlqFXHFtC",6,3,3,1
"F8I2mQ6SzJ6hj57OHOlqFXHFtC",7,25,25,1
"F8I2mQ6SzJ6hj57OHOlqFXHFtC",8,40,40,1
"F8I2mQ6SzJ6hj57OHOlqFXHFtC",9,20,20,1
"F8I2mQ6SzJ6hj57OHOlqFXHFtC",10,3,3,1
"F8I2mQ6SzJ6hj57OHOlqFXHFtC",11,2,2,1
"F8I2mQ6SzJ6hj57OHOlqFXHFtC",12,2,2,1
"F8I2mQ6SzJ6hj57OHOlqFXHFtC",13,5,5,1
"99XVi5rZJ7zIQOLGqp13z2foOX",1,35,35,1
"99XVi5rZJ7zIQOLGqp13z2foOX",2,15,15,1
"99XVi5rZJ7zIQOLGqp13z2foOX",3,25,25,1
"99XVi5rZJ7zIQOLGqp13z2foOX",4,25,25,1
"99XVi5rZJ7zIQOLGqp13z2foOX",5,20,20,1
"99XVi5rZJ7zIQOLGqp13z2foOX",6,3,3,1
"99XVi5rZJ7zIQOLGqp13z2foOX",7,25,25,1
"99XVi5rZJ7zIQOLGqp13z2foOX",8,40,40,1
"99XVi5rZJ7zIQOLGqp13z2foOX",9,20,20,1
"99XVi5rZJ7zIQOLGqp13z2foOX",10,3,3,1
"99XVi5rZJ7zIQOLGqp13z2foOX",11,4,2,0
"99XVi5rZJ7zIQOLGqp13z2foOX",12,2,2,1
"99XVi5rZJ7zIQOLGqp13z2foOX",13,5,5,1
"JQFPu9m9NnDMDJQvNvR5DXXDc7",1,35,35,1
"JQFPu9m9NnDMDJQvNvR5DXXDc7",2,15,15,1
"JQFPu9m9NnDMDJQvNvR5DXXDc7",3,25,25,1
"JQFPu9m9NnDMDJQvNvR5DXXDc7",4,25,25,1
"JQFPu9m9NnDMDJQvNvR5DXXDc7",5,20,20,1
"JQFPu9m9NnDMDJQvNvR5DXXDc7",6,3,3,1
"JQFPu9m9NnDMDJQvNvR5DXXDc7",7,25,25,1
"JQFPu9m9NnDMDJQvNvR5DXXDc7",8,400,40,0
"JQFPu9m9NnDMDJQvNvR5DXXDc7",9,20,20,1
"JQFPu9m9NnDMDJQvNvR5DXXDc7",10,3,3,1
"JQFPu9m9NnDMDJQvNvR5DXXDc7",11,4,2,0
"JQFPu9m9NnDMDJQvNvR5DXXDc7",12,2,2,1
"JQFPu9m9NnDMDJQvNvR5DXXDc7",13,5,5,1
"bvAaKjW3VkCWdyx5bV8NgXUxtz",1,35,35,1
"bvAaKjW3VkCWdyx5bV8NgXUxtz",2,15,15,1
"bvAaKjW3VkCWdyx5bV8NgXUxtz",3,25,25,1
"bvAaKjW3VkCWdyx5bV8NgXUxtz",4,25,25,1
"bvAaKjW3VkCWdyx5bV8NgXUxtz",5,20,20,1
"bvAaKjW3VkCWdyx5bV8NgXUxtz",6,3,3,1
"bvAaKjW3VkCWdyx5bV8NgXUxtz",7,25,25,1
"bvAaKjW3VkCWdyx5bV8NgXUxtz",8,40,40,1
"bvAaKjW3VkCWdyx5bV8NgXUxtz",9,20,20,1
"bvAaKjW3VkCWdyx5bV8NgXUxtz",10,3,3,1
"bvAaKjW3VkCWdyx5bV8NgXUxtz",11,4,2,0
"bvAaKjW3VkCWdyx5bV8NgXUxtz",12,3,2,0
"bvAaKjW3VkCWdyx5bV8NgXUxtz",13,5,5,1
"e8YNQAbf9k7kVtvwh9tUSCvbiv",1,35,35,1
"e8YNQAbf9k7kVtvwh9tUSCvbiv",2,15,15,1
"e8YNQAbf9k7kVtvwh9tUSCvbiv",3,25,25,1
"e8YNQAbf9k7kVtvwh9tUSCvbiv",4,25,25,1
"e8YNQAbf9k7kVtvwh9tUSCvbiv",5,20,20,1
"e8YNQAbf9k7kVtvwh9tUSCvbiv",6,3,3,1
"e8YNQAbf9k7kVtvwh9tUSCvbiv",7,25,25,1
"e8YNQAbf9k7kVtvwh9tUSCvbiv",8,40,40,1
"e8YNQAbf9k7kVtvwh9tUSCvbiv",9,20,20,1
"e8YNQAbf9k7kVtvwh9tUSCvbiv",10,3,3,1
"e8YNQAbf9k7kVtvwh9tUSCvbiv",11,2,2,1
"e8YNQAbf9k7kVtvwh9tUSCvbiv",12,NA,2,NA
"e8YNQAbf9k7kVtvwh9tUSCvbiv",13,NA,5,NA
"tJsXAKDRhLQnKWAYp3FKeFoail",1,35,35,1
"tJsXAKDRhLQnKWAYp3FKeFoail",2,10,15,0
"tJsXAKDRhLQnKWAYp3FKeFoail",3,25,25,1
"tJsXAKDRhLQnKWAYp3FKeFoail",4,2519,25,0
"tJsXAKDRhLQnKWAYp3FKeFoail",5,19,20,0
"tJsXAKDRhLQnKWAYp3FKeFoail",6,1,3,0
"tJsXAKDRhLQnKWAYp3FKeFoail",7,25,25,1
"tJsXAKDRhLQnKWAYp3FKeFoail",8,40,40,1
"tJsXAKDRhLQnKWAYp3FKeFoail",9,20,20,1
"tJsXAKDRhLQnKWAYp3FKeFoail",10,1,3,0
"tJsXAKDRhLQnKWAYp3FKeFoail",11,2,2,1
"tJsXAKDRhLQnKWAYp3FKeFoail",12,NA,2,NA
"tJsXAKDRhLQnKWAYp3FKeFoail",13,NA,5,NA
